time_s,north_m,east_m,depth_m,roll_deg,pitch_deg,yaw_deg,overall_tier,depth_tier,imu_tier,dvl_tier,ftc_action,ftc_target_thruster,model_health_state,model_fault_probability,model_probable_mode,model_suspected_group,model_advisory_gate_active,model_advisory_suppressed,model_advisory_gate_reasons,ftc_untrusted_esc_channels,model_top1,model_top1_probability,model_top2,model_top2_probability,H1_no_output_score,H2_no_output_score,H3_no_output_score,H4_no_output_score,V1_no_output_score,V2_no_output_score,H1_telemetry_status,H2_telemetry_status,H3_telemetry_status,H4_telemetry_status,V1_telemetry_status,V2_telemetry_status
0.05,-3.3345558743250306e-08,1.0671512419750246e-05,200.00000000000475,0.00013474695714158183,0.000105559838816052,7.675105858045992e-11,normal,normal,normal,normal,normal_control,,normal,0.0,normal,none,False,False,,,,,,,0.0,0.0,0.0,0.0,0.0,0.0,fresh,fresh,fresh,fresh,fresh,fresh
0.1,1.751184118263759e-05,-1.5752822389877613e-05,200.00001673120792,-0.00019640596549547093,-0.0010854572479286366,0.000280171715165556,normal,normal,normal,normal,normal_control,,normal,0.0,normal,none,False,False,,,,,,,0.0,0.0,0.0,0.0,0.0,0.0,fresh,fresh,fresh,fresh,fresh,fresh
0.15000000000000002,3.5949730679235274e-05,-8.386487996542733e-05,200.00006522244072,-0.0010164161693857463,-0.003335104767487645,0.000600528073787466,normal,normal,normal,normal,normal_control,,normal,0.0,normal,none,False,False,,,,,,,0.0,0.0,0.0,0.0,0.0,0.0,fresh,fresh,fresh,fresh,fresh,fresh
0.2,8.877419624148634e-06,-0.00010495166155585249,200.0001065486784,-0.0011746987880741856,-0.0049046727093186235,0.0006465767957727026,normal,normal,normal,normal,normal_control,,normal,0.0,normal,none,False,False,,,,,,,0.0,0.0,0.0,0.0,0.0,0.0,fresh,fresh,fresh,fresh,fresh,fresh
0.25,-6.962290427873644e-05,-3.879611454300262e-05,200.00008707616584,-0.000163991502246373,-0.006380610564666937,0.00031486275109368346,normal,normal,normal,normal,normal_control,,normal,0.0,normal,none,False,False,,,,,,,0.0,0.0,0.0,0.0,0.0,0.0,fresh,fresh,fresh,fresh,fresh,fresh
0.3,-0.0001420461682455316,9.743602825999911e-05,200.00003992280025,0.0017777233293294638,-0.007782442221293895,0.000573676170847921,normal,normal,normal,normal,normal_control,,normal,0.0,normal,none,False,False,,,,,,,0.0,0.0,0.0,0.0,0.0,0.0,fresh,fresh,fresh,fresh,fresh,fresh
0.35,-0.00017375745663288474,0.0002622196729000151,200.00009847554873,0.004101879590282132,-0.00843208529663345,0.0031825287884795334,normal,normal,normal,normal,normal_control,,normal,0.0,normal,none,False,False,,,,,,,0.0,0.0,0.0,0.0,0.0,0.0,fresh,fresh,fresh,fresh,fresh,fresh
0.39999999999999997,-0.00017276791878624519,0.000490160628549264,200.00027224679982,0.007227863981406974,-0.00913321980123182,0.007098955659215123,normal,normal,normal,normal,normal_control,,normal,0.0,normal,none,False,False,,,,,,,0.0,0.0,0.0,0.0,0.0,0.0,fresh,fresh,fresh,fresh,fresh,fresh
0.44999999999999996,-0.0001669120051567469,0.0007309192252735432,200.00046131814344,0.010477909552237015,-0.011032348923130033,0.011114504088998466,normal,normal,normal,normal,normal_control,,normal,0.0,normal,none,False,False,,,,,,,0.0,0.0,0.0,0.0,0.0,0.0,fresh,fresh,fresh,fresh,fresh,fresh
0.49999999999999994,-0.00014530162009047197,0.000951777131619575,200.00069554408185,0.01342631144301801,-0.012162941734973372,0.015402768192657644,normal,normal,normal,normal,normal_control,,normal,0.0,normal,none,False,False,,,,,,,0.0,0.0,0.0,0.0,0.0,0.0,fresh,fresh,fresh,fresh,fresh,fresh
0.5499999999999999,-3.7258315537771206e-05,0.0012207193120409153,200.00093842676634,0.016913935941368502,-0.0108938179902816,0.01940156276775722,normal,normal,normal,normal,normal_control,,normal,0.0,normal,none,False,False,,,,,,,0.0,0.0,0.0,0.0,0.0,0.0,fresh,fresh,fresh,fresh,fresh,fresh
0.6,0.00014913411019123205,0.001518564204224953,200.0011849118937,0.020664447261160578,-0.009018256036749982,0.023420940145669554,normal,normal,normal,normal,normal_control,,normal,0.0,normal,none,False,False,,,,,,,0.0,0.0,0.0,0.0,0.0,0.0,fresh,fresh,fresh,fresh,fresh,fresh
0.65,0.00037072236966208196,0.0017932553975871545,200.0014665524867,0.02399045805598382,-0.005894738314239895,0.02757639741452178,normal,normal,normal,normal,normal_control,,normal,0.0,normal,none,False,False,,,,,,,0.0,0.0,0.0,0.0,0.0,0.0,fresh,fresh,fresh,fresh,fresh,fresh
0.7000000000000001,0.0006340407744952066,0.0020797515092425855,200.00166563100254,0.027325543431721996,-0.0008864019863239235,0.030445909793174745,normal,normal,normal,normal,normal_control,,normal,0.0,normal,none,False,False,,,,,,,0.0,0.0,0.0,0.0,0.0,0.0,fresh,fresh,fresh,fresh,fresh,fresh
0.7500000000000001,0.0010002236262320755,0.0024667384392078238,200.00184376876675,0.03176236736455782,0.005105528858232145,0.03250653822702689,normal,normal,normal,normal,normal_control,,normal,0.0,normal,none,False,False,,,,,,,0.0,0.0,0.0,0.0,0.0,0.0,fresh,fresh,fresh,fresh,fresh,fresh
0.8000000000000002,0.0014072055849114653,0.002910462398835883,200.00207078198986,0.03668803494652375,0.010092577384752706,0.03475625574463554,normal,normal,normal,normal,normal_control,,normal,0.0,normal,none,False,False,,,,,,,0.0,0.0,0.0,0.0,0.0,0.0,fresh,fresh,fresh,fresh,fresh,fresh
0.8500000000000002,0.0017611825860380371,0.003388825492142369,200.00242624008902,0.04177932199689844,0.01133543916091851,0.03642503742541584,normal,normal,normal,normal,normal_control,,normal,0.0,normal,none,False,False,,,,,,,0.0,0.0,0.0,0.0,0.0,0.0,fresh,fresh,fresh,fresh,fresh,fresh
0.9000000000000002,0.0021222900346282237,0.003863083490867263,200.00295576740425,0.046492704269255246,0.00988069820042176,0.036674571297145325,normal,normal,normal,normal,normal_control,,normal,0.0,normal,none,False,False,,,,,,,0.0,0.0,0.0,0.0,0.0,0.0,fresh,fresh,fresh,fresh,fresh,fresh
0.9500000000000003,0.002545450835199191,0.004255094986797659,200.00345604384663,0.049817863296635935,0.00735284976397376,0.03533597710662514,normal,normal,normal,normal,normal_control,,normal,0.0,normal,none,False,False,,,,,,,0.0,0.0,0.0,0.0,0.0,0.0,fresh,fresh,fresh,fresh,fresh,fresh
1.0000000000000002,0.00300734388262428,0.004584220427609226,200.00391803555706,0.05201273839343185,0.0036855872254527556,0.03420822352478057,normal,normal,normal,normal,normal_control,,normal,0.0,normal,none,False,False,,,,,,,0.0,0.0,0.0,0.0,0.0,0.0,fresh,fresh,fresh,fresh,fresh,fresh
1.0500000000000003,0.003402365489196651,0.004880149980281148,200.00439527943396,0.053468137504755854,0.0006990574613166816,0.03398718823874833,normal,normal,normal,normal,normal_control,,normal,0.0,normal,none,False,False,,,,,,,0.0,0.0,0.0,0.0,0.0,0.0,fresh,fresh,fresh,fresh,fresh,fresh
1.1000000000000003,0.0036901843727214544,0.005176369079869852,200.00484391827203,0.054620838808101306,-0.0006347761436517891,0.034227608856214724,normal,normal,normal,normal,normal_control,,normal,0.0,normal,none,False,False,,,,,,,0.0,0.0,0.0,0.0,0.0,0.0,fresh,fresh,fresh,fresh,fresh,fresh
1.1500000000000004,0.003936281977501899,0.005474431414328033,200.00528769205465,0.05549603158521799,-0.00310093210252391,0.035135721366241955,normal,normal,normal,normal,normal_control,,normal,0.0,normal,none,False,False,,,,,,,0.0,0.0,0.0,0.0,0.0,0.0,fresh,fresh,fresh,fresh,fresh,fresh
1.2000000000000004,0.00417314368621597,0.005810033169728099,200.00566453967153,0.05655569410473334,-0.006081811542112737,0.03626529708925337,normal,normal,normal,normal,normal_control,,normal,0.0,normal,none,False,False,,,,,,,0.0,0.0,0.0,0.0,0.0,0.0,fresh,fresh,fresh,fresh,fresh,fresh
1.2500000000000004,0.004365831503782644,0.0061935338374079175,200.00592424113853,0.05792379085230533,-0.007996080747497258,0.037065999916384776,normal,normal,normal,normal,normal_control,,normal,0.0,normal,none,False,False,,,,,,,0.0,0.0,0.0,0.0,0.0,0.0,fresh,fresh,fresh,fresh,fresh,fresh
1.3000000000000005,0.0044993866138667475,0.00652978775585171,200.00610251765184,0.05839748476606965,-0.009464833798514604,0.036655076815297345,normal,normal,normal,normal,normal_control,,normal,0.0,normal,none,False,False,,,,,,,0.0,0.0,0.0,0.0,0.0,0.0,fresh,fresh,fresh,fresh,fresh,fresh
1.3500000000000005,0.0046292462568118045,0.006749330002461511,200.0062778296498,0.05713420414761631,-0.009650687428054616,0.035381026025304636,normal,normal,normal,normal,normal_control,,normal,0.0,normal,none,False,False,,,,,,,0.0,0.0,0.0,0.0,0.0,0.0,fresh,fresh,fresh,fresh,fresh,fresh
1.4000000000000006,0.004786253045856522,0.006884374119897115,200.00649735263565,0.054607832043678826,-0.009089755570426919,0.034688524725951006,normal,normal,normal,normal,normal_control,,normal,0.0,normal,none,False,False,,,,,,,0.0,0.0,0.0,0.0,0.0,0.0,fresh,fresh,fresh,fresh,fresh,fresh
1.4500000000000006,0.004998546654725436,0.006998032205720002,200.0066832553862,0.051676969910226814,-0.007705046884270969,0.03459571606226068,normal,normal,normal,normal,normal_control,,normal,0.0,normal,none,False,False,,,,,,,0.0,0.0,0.0,0.0,0.0,0.0,fresh,fresh,fresh,fresh,fresh,fresh
1.5000000000000007,0.005238204875631184,0.00709027989183195,200.0068467321317,0.04839375159482576,-0.003912537130070656,0.034840785523261406,normal,normal,normal,normal,normal_control,,normal,0.0,normal,none,False,False,,,,,,,0.0,0.0,0.0,0.0,0.0,0.0,fresh,fresh,fresh,fresh,fresh,fresh
1.5500000000000007,0.005480843599997807,0.007143106857347821,200.00699176264416,0.044587269125370796,0.001285950993902257,0.03586616047161147,normal,normal,normal,normal,normal_control,,normal,0.0,normal,none,False,False,,,,,,,0.0,0.0,0.0,0.0,0.0,0.0,fresh,fresh,fresh,fresh,fresh,fresh
1.6000000000000008,0.005715317255265037,0.00716897536367087,200.00706181465407,0.04047972593942544,0.005891892677147564,0.037496444022078856,normal,normal,normal,normal,normal_control,,normal,0.0,normal,none,False,False,,,,,,,0.0,0.0,0.0,0.0,0.0,0.0,fresh,fresh,fresh,fresh,fresh,fresh
1.6500000000000008,0.005966491655738136,0.0071964414754134036,200.00714218216626,0.03649265756434956,0.007899191702257367,0.03878218615397807,normal,normal,normal,normal,normal_control,,normal,0.0,normal,none,False,False,,,,,,,0.0,0.0,0.0,0.0,0.0,0.0,fresh,fresh,fresh,fresh,fresh,fresh
1.7000000000000008,0.006293823145217151,0.007232940162019868,200.00725287360075,0.0327698378836834,0.007358158681973698,0.03976039413842278,normal,normal,normal,normal,normal_control,,normal,0.0,normal,none,False,False,,,,,,,0.0,0.0,0.0,0.0,0.0,0.0,fresh,fresh,fresh,fresh,fresh,fresh
1.7500000000000009,0.006609561970613267,0.007208373204459096,200.00734650906142,0.02847180466206632,0.0074794599838251445,0.041168389014072035,normal,normal,normal,normal,normal_control,,normal,0.0,normal,none,False,False,,,,,,,0.0,0.0,0.0,0.0,0.0,0.0,fresh,fresh,fresh,fresh,fresh,fresh
1.800000000000001,0.006850394140112719,0.007136930747362108,200.0073777103065,0.023854175719539992,0.009129333473312826,0.043330138183414656,normal,normal,normal,normal,normal_control,,normal,0.0,normal,none,False,False,,,,,,,0.0,0.0,0.0,0.0,0.0,0.0,fresh,fresh,fresh,fresh,fresh,fresh
1.850000000000001,0.007078930207228246,0.007056418868656376,200.00740708176852,0.019453155909135766,0.010867722846411606,0.04606374197262437,normal,normal,normal,normal,normal_control,,normal,0.0,normal,none,False,False,,,,,,,0.0,0.0,0.0,0.0,0.0,0.0,fresh,fresh,fresh,fresh,fresh,fresh
1.900000000000001,0.007304447327649104,0.006980912013234031,200.00749690773333,0.015503386837331923,0.013329921422232,0.048691047959862094,normal,normal,normal,normal,normal_control,,normal,0.0,normal,none,False,False,,,,,,,0.0,0.0,0.0,0.0,0.0,0.0,fresh,fresh,fresh,fresh,fresh,fresh
1.950000000000001,0.007544496433834931,0.006942205475162401,200.0076730587061,0.012442813925931103,0.017140024556915608,0.050788363765006894,normal,normal,normal,normal,normal_control,,normal,0.0,normal,none,False,False,,,,,,,0.0,0.0,0.0,0.0,0.0,0.0,fresh,fresh,fresh,fresh,fresh,fresh
2.000000000000001,0.007805902734571628,0.0069091653311795466,200.0078720535473,0.009903015316409705,0.02214752442521707,0.05235079048336236,normal,normal,normal,normal,normal_control,,normal,0.0,normal,none,False,False,,,,,,,0.0,0.0,0.0,0.0,0.0,0.0,fresh,fresh,fresh,fresh,fresh,fresh
2.0500000000000007,0.008049732799649293,0.006909920950755232,200.00799357178877,0.008264425871599671,0.02717589585556737,0.05362716295749681,normal,normal,normal,normal,normal_control,,normal,0.0,normal,none,False,False,,,,,,,0.0,0.0,0.0,0.0,0.0,0.0,fresh,fresh,fresh,fresh,fresh,fresh
2.1000000000000005,0.008309952723959,0.0068995439979889816,200.00807713849855,0.006962553590356648,0.0316591715080086,0.055135609677588675,normal,normal,normal,normal,normal_control,,normal,0.0,normal,none,False,False,,,,,,,0.0,0.0,0.0,0.0,0.0,0.0,fresh,fresh,fresh,fresh,fresh,fresh
2.1500000000000004,0.008571820755031045,0.006859867734348552,200.00816578342491,0.005790442736800215,0.035785950043623165,0.05667626131193611,normal,normal,normal,normal,normal_control,,normal,0.0,normal,none,False,False,,,,,,,0.0,0.0,0.0,0.0,0.0,0.0,fresh,fresh,fresh,fresh,fresh,fresh
2.2,0.008833556896575136,0.006791996989519545,200.0081912855361,0.004773791907452329,0.039107673284518904,0.05788193355491227,normal,normal,normal,normal,normal_control,,normal,0.0,normal,none,False,False,,,,,,,0.0,0.0,0.0,0.0,0.0,0.0,fresh,fresh,fresh,fresh,fresh,fresh
2.25,0.00910922456233941,0.006699660171001918,200.00815602721403,0.003979438325189424,0.04093283865670363,0.058651729970620785,normal,normal,normal,normal,normal_control,,normal,0.0,normal,none,False,False,,,,,,,0.0,0.0,0.0,0.0,0.0,0.0,fresh,fresh,fresh,fresh,fresh,fresh
2.3,0.009393073060673536,0.006641854736052263,200.00820054503288,0.0041580913441307665,0.04036946658607808,0.059494632024585416,normal,normal,normal,normal,normal_control,,normal,0.0,normal,none,False,False,,,,,,,0.0,0.0,0.0,0.0,0.0,0.0,fresh,fresh,fresh,fresh,fresh,fresh
2.3499999999999996,0.009724297699063184,0.006571339404941957,200.00824872913668,0.004696496112633849,0.03791914599054584,0.06032151499909939,normal,normal,normal,normal,normal_control,,normal,0.0,normal,none,False,False,,,,,,,0.0,0.0,0.0,0.0,0.0,0.0,fresh,fresh,fresh,fresh,fresh,fresh
2.3999999999999995,0.010060102424810079,0.006488995003015299,200.008172516196,0.005602264540511021,0.032811487779575904,0.06033327360098265,normal,normal,normal,normal,normal_control,,normal,0.0,normal,none,False,False,,,,,,,0.0,0.0,0.0,0.0,0.0,0.0,fresh,fresh,fresh,fresh,fresh,fresh
2.4499999999999993,0.010333551148785753,0.006435500368234106,200.00798058941623,0.007373826528752738,0.02599683469404522,0.06002611601001154,normal,normal,normal,normal,normal_control,,normal,0.0,normal,none,False,False,,,,,,,0.0,0.0,0.0,0.0,0.0,0.0,fresh,fresh,fresh,fresh,fresh,fresh
2.499999999999999,0.010584035785768565,0.006380701752278051,200.00779842905098,0.009598214081416222,0.02039634094369099,0.05974457740460486,normal,normal,normal,normal,normal_control,,normal,0.04925963966498281,normal,none,False,False,,,,,,,0.0,0.0,0.0,0.0,0.0,0.0,fresh,fresh,fresh,fresh,fresh,fresh
2.549999999999999,0.010803237372617833,0.006254012249479554,200.0075831340313,0.011357576102237565,0.017317939011060664,0.05952708302011235,log_only,log_only,normal,normal,normal_control,,normal,0.04925963966498281,normal,none,False,False,,,,,,,0.0,0.0,0.0,0.0,0.0,0.0,fresh,fresh,fresh,fresh,fresh,fresh
2.5999999999999988,0.01101375170879971,0.006097093458918522,200.0073762546207,0.013176796266626847,0.0142091272436668,0.059592806109668675,log_only,log_only,normal,normal,normal_control,,normal,0.04925963966498281,normal,none,False,False,,,,,,,0.0,0.0,0.0,0.0,0.0,0.0,fresh,fresh,fresh,fresh,fresh,fresh
2.6499999999999986,0.011241503816151481,0.005963338977763251,200.00723840151974,0.015706580951950724,0.010187116880845889,0.06000025905796723,log_only,log_only,normal,normal,normal_control,,normal,0.04925963966498281,normal,none,False,False,,,,,,,0.0,0.0,0.0,0.0,0.0,0.0,fresh,fresh,fresh,fresh,fresh,fresh
2.6999999999999984,0.011472269900088615,0.005798726331044837,200.00707464873344,0.01822894688577079,0.008464367584459806,0.06062320013893424,log_only,log_only,normal,normal,normal_control,,normal,0.04925963966498281,normal,none,False,False,,,,,,,0.0,0.0,0.0,0.0,0.0,0.0,fresh,fresh,fresh,fresh,fresh,fresh
2.7499999999999982,0.011715019632498344,0.005630641791141242,200.00692652671478,0.02106818995063423,0.009242342982895472,0.06108119423110149,log_only,log_only,normal,normal,normal_control,,normal,0.04925963966498281,normal,none,False,False,,,,,,,0.0,0.0,0.0,0.0,0.0,0.0,fresh,fresh,fresh,fresh,fresh,fresh
2.799999999999998,0.011972354289226762,0.00546551473898906,200.00680480056747,0.024267305230200435,0.010579767678493737,0.061421961101340246,log_only,log_only,normal,normal,normal_control,,normal,0.04925963966498281,normal,none,False,False,,,,,,,0.0,0.0,0.0,0.0,0.0,0.0,fresh,fresh,fresh,fresh,fresh,fresh
2.849999999999998,0.01217123204040403,0.005273078109580142,200.0066432826815,0.027409135349252454,0.011376472638050887,0.0614599220835524,log_only,log_only,normal,normal,normal_control,,normal,0.04925963966498281,normal,none,False,False,,,,,,,0.0,0.0,0.0,0.0,0.0,0.0,fresh,fresh,fresh,fresh,fresh,fresh
2.8999999999999977,0.01230777123391964,0.005084576713485295,200.00648620235114,0.03085669453608863,0.010673365970179751,0.060147897046409035,log_only,log_only,normal,normal,normal_control,,normal,0.04925963966498281,normal,none,False,False,,,,,,,0.0,0.0,0.0,0.0,0.0,0.0,fresh,fresh,fresh,fresh,fresh,fresh
2.9499999999999975,0.0124828458857223,0.004886158173651064,200.0064446908703,0.03439214925178099,0.0070751621489676024,0.05758969190983568,log_only,log_only,normal,normal,normal_control,,normal,0.04925963966498281,normal,none,False,False,,,,,,,0.0,0.0,0.0,0.0,0.0,0.0,fresh,fresh,fresh,fresh,fresh,fresh
2.9999999999999973,0.012660160073042789,0.004709664532777117,200.00649243603283,0.03838447490307283,0.001930655704292254,0.05448930355506126,log_only,log_only,normal,normal,normal_control,,normal,0.05732445294264665,normal,none,False,False,,,,,,,0.0,0.0,0.0,0.0,0.0,0.0,fresh,fresh,fresh,fresh,fresh,fresh
3.049999999999997,0.012796585358304155,0.004532428816991187,200.00652286868828,0.04249008171413369,-0.0020119762928200928,0.05134336910339173,log_only,log_only,normal,normal,normal_control,,normal,0.05732445294264665,normal,none,False,False,,,,,,,0.0,0.0,0.0,0.0,0.0,0.0,fresh,fresh,fresh,fresh,fresh,fresh
3.099999999999997,0.012914453107282096,0.004325090200399896,200.00615809089538,0.046294720423664296,-0.004626526928954537,0.04783920889318298,log_only,log_only,normal,normal,normal_control,,normal,0.05732445294264665,normal,none,False,False,,,,,,,0.0,0.0,0.0,0.0,0.0,0.0,fresh,fresh,fresh,fresh,fresh,fresh
3.149999999999997,0.013006950039684953,0.004150678661020939,200.00548389335307,0.05055067986380876,-0.006359442113098529,0.043914641238312624,log_only,log_only,normal,normal,normal_control,,normal,0.05732445294264665,normal,none,False,False,,,,,,,0.0,0.0,0.0,0.0,0.0,0.0,fresh,fresh,fresh,fresh,fresh,fresh
3.1999999999999966,0.013087895766910664,0.003966187210680056,200.00490994293094,0.05466305493536439,-0.007882402179466593,0.03999875838167165,log_only,log_only,normal,normal,normal_control,,normal,0.05732445294264665,normal,none,False,False,,,,,,,0.0,0.0,0.0,0.0,0.0,0.0,fresh,fresh,fresh,fresh,fresh,fresh
3.2499999999999964,0.013211413858195699,0.0037450336367935333,200.0044998849734,0.058260370237114306,-0.01157395255762351,0.035733474832357046,log_only,log_only,normal,normal,normal_control,,normal,0.05732445294264665,normal,none,False,False,,,,,,,0.0,0.0,0.0,0.0,0.0,0.0,fresh,fresh,fresh,fresh,fresh,fresh
3.2999999999999963,0.0134489576492541,0.003515351554004221,200.00426252565424,0.0616697069945521,-0.01790145016844185,0.03155700479310066,log_only,log_only,normal,normal,normal_control,,normal,0.05732445294264665,normal,none,False,False,,,,,,,0.0,0.0,0.0,0.0,0.0,0.0,fresh,fresh,fresh,fresh,fresh,fresh
3.349999999999996,0.013794484628173995,0.003302449226335334,200.00409940982587,0.06517739500250133,-0.023980281850060556,0.027661383130158125,log_only,log_only,normal,normal,normal_control,,normal,0.05732445294264665,normal,none,False,False,,,,,,,0.0,0.0,0.0,0.0,0.0,0.0,fresh,fresh,fresh,fresh,fresh,fresh
3.399999999999996,0.014124984461891785,0.003115180086652168,200.00390144292174,0.0688520972884886,-0.027722898189308516,0.023748533071593005,log_only,log_only,normal,normal,normal_control,,normal,0.05732445294264665,normal,none,False,False,,,,,,,0.0,0.0,0.0,0.0,0.0,0.0,fresh,fresh,fresh,fresh,fresh,fresh
3.4499999999999957,0.01439615482434293,0.0029638270153642585,200.00368868777758,0.07277976246905775,-0.030499372687569654,0.020189191524314108,log_only,log_only,normal,normal,normal_control,,normal,0.05732445294264665,normal,none,False,False,,,,,,,0.0,0.0,0.0,0.0,0.0,0.0,fresh,fresh,fresh,fresh,fresh,fresh
3.4999999999999956,0.014686086240845006,0.002794502177588178,200.0034925354011,0.07622851138247178,-0.032961588919812025,0.017300611393764435,log_only,log_only,normal,normal,normal_control,,normal,0.04026287654683014,normal,none,False,False,,,,,,,0.0,0.0,0.0,0.0,0.0,0.0,fresh,fresh,fresh,fresh,fresh,fresh
3.5499999999999954,0.014994848151850601,0.0026015865520307153,200.0033302602861,0.07910513716528861,-0.034799197663931344,0.014917278389892149,log_only,log_only,normal,normal,normal_control,,normal,0.04026287654683014,normal,none,False,False,,,,,,,0.0,0.0,0.0,0.0,0.0,0.0,fresh,fresh,fresh,fresh,fresh,fresh
3.599999999999995,0.015258334643639465,0.002420313750009662,200.00318085573105,0.08182805773179602,-0.0356694529158179,0.01205603714520996,log_only,log_only,normal,normal,normal_control,,normal,0.04026287654683014,normal,none,False,False,,,,,,,0.0,0.0,0.0,0.0,0.0,0.0,fresh,fresh,fresh,fresh,fresh,fresh
3.649999999999995,0.015546496786741065,0.0022149507155944615,200.0031089836136,0.0839210436944153,-0.036020539909166704,0.008640344616151001,log_only,log_only,normal,normal,normal_control,,normal,0.04026287654683014,normal,none,False,False,,,,,,,0.0,0.0,0.0,0.0,0.0,0.0,fresh,fresh,fresh,fresh,fresh,fresh
3.699999999999995,0.01589565352095468,0.0020220116857404963,200.00314282473096,0.08583478803616111,-0.03837851471091738,0.0054490954787239435,log_only,log_only,normal,normal,normal_control,,normal,0.04026287654683014,normal,none,False,False,,,,,,,0.0,0.0,0.0,0.0,0.0,0.0,fresh,fresh,fresh,fresh,fresh,fresh
3.7499999999999947,0.016264862796514987,0.001830126333220608,200.003230459884,0.08740143608858092,-0.040369834330437525,0.0022854148928750317,log_only,log_only,normal,normal,normal_control,,normal,0.04026287654683014,normal,none,False,False,,,,,,,0.0,0.0,0.0,0.0,0.0,0.0,fresh,fresh,fresh,fresh,fresh,fresh
3.7999999999999945,0.01664191355963446,0.0015798311891854814,200.0033714840767,0.08786218542097698,-0.03957368042647642,-0.0006787203343005979,log_only,log_only,normal,normal,normal_control,,normal,0.04026287654683014,normal,none,False,False,,,,,,,0.0,0.0,0.0,0.0,0.0,0.0,fresh,fresh,fresh,fresh,fresh,fresh
3.8499999999999943,0.017000203047310616,0.0013287375996424667,200.00355829306315,0.08796048025325383,-0.03846437235200748,-0.0033629987505897495,log_only,log_only,normal,normal,normal_control,,normal,0.04026287654683014,normal,none,False,False,,,,,,,0.0,0.0,0.0,0.0,0.0,0.0,fresh,fresh,fresh,fresh,fresh,fresh
3.899999999999994,0.01731702465098922,0.001117071152721873,200.00374918896452,0.08819986374459106,-0.035872062339314656,-0.006421202250979347,log_only,log_only,normal,normal,normal_control,,normal,0.04026287654683014,normal,none,False,False,,,,,,,0.0,0.0,0.0,0.0,0.0,0.0,fresh,fresh,fresh,fresh,fresh,fresh
3.949999999999994,0.01760388044035511,0.0008745135260135232,200.00391852361238,0.0876823724771105,-0.030190375439693332,-0.009713811385822725,log_only,log_only,normal,normal,normal_control,,normal,0.04026287654683014,normal,none,False,False,,,,,,,0.0,0.0,0.0,0.0,0.0,0.0,fresh,fresh,fresh,fresh,fresh,fresh
3.999999999999994,0.017915088378337923,0.0006201492352753018,200.00407601141137,0.08666976412686457,-0.024043770133045147,-0.012507941508844742,log_only,log_only,normal,normal,normal_control,,normal,0.043391617645559655,normal,none,False,False,,,,,,,0.0,0.0,0.0,0.0,0.0,0.0,fresh,fresh,fresh,fresh,fresh,fresh
4.049999999999994,0.01824734799080697,0.0004001281575825965,200.00411152122516,0.0857508947998231,-0.018307194017420116,-0.01371941249902241,log_only,log_only,normal,normal,normal_control,,normal,0.043391617645559655,normal,none,False,False,,,,,,,0.0,0.0,0.0,0.0,0.0,0.0,fresh,fresh,fresh,fresh,fresh,fresh
4.099999999999993,0.020576011474669677,0.0006373093737412589,200.00449080049293,0.0902553688030021,-0.020300857688210903,0.04806376723927408,log_only,log_only,log_only,normal,normal_control,,context_suppressed,0.0,normal,none,True,False,context_stabilization|guidance_context_change,,,,,,0.0,0.0,0.0,0.0,0.0,0.0,fresh,fresh,fresh,fresh,fresh,fresh
4.149999999999993,0.026822790569495217,0.0018103753830146607,200.0056998237787,0.10588000067978244,-0.03757814231293512,0.2275978597059355,log_only,log_only,log_only,normal,normal_control,,context_suppressed,0.0,normal,none,True,False,context_stabilization|guidance_context_change,,,,,,0.0,0.0,0.0,0.0,0.0,0.0,fresh,fresh,fresh,fresh,fresh,fresh
4.199999999999993,0.036820990611569834,0.003996381088208745,200.0076271264608,0.13279766833127551,-0.06684010131643371,0.5141827583096263,log_only,log_only,log_only,normal,normal_control,,context_suppressed,0.0,normal,none,True,False,context_stabilization|guidance_context_change,,,,,,0.0,0.0,0.0,0.0,0.0,0.0,fresh,fresh,fresh,fresh,fresh,fresh
4.249999999999993,0.05047656188660705,0.007220256832278691,200.01027532068824,0.17020077679265572,-0.10404667817595965,0.8975992911227554,log_only,log_only,log_only,normal,normal_control,,context_suppressed,0.0,normal,none,True,False,context_stabilization|guidance_context_change,,,,,,0.0,0.0,0.0,0.0,0.0,0.0,fresh,fresh,fresh,fresh,fresh,fresh
4.299999999999993,0.06767769022995171,0.011525136542544903,200.01363216855006,0.21726660671626166,-0.14745884760042574,1.367914334659393,log_only,log_only,log_only,normal,normal_control,,context_suppressed,0.0,normal,none,True,False,context_stabilization|guidance_context_change,,,,,,0.0,0.0,0.0,0.0,0.0,0.0,fresh,fresh,fresh,fresh,fresh,fresh
4.3499999999999925,0.08833128526649059,0.016944102333884867,200.01750668610032,0.27284627108019116,-0.19462669798352428,1.915727006389362,log_only,log_only,log_only,normal,normal_control,,context_suppressed,0.0,normal,none,True,False,context_stabilization|guidance_context_change,,,,,,0.0,0.0,0.0,0.0,0.0,0.0,fresh,fresh,fresh,fresh,fresh,fresh
4.399999999999992,0.11235578315311834,0.02350265121512983,200.0217802469269,0.3356453086027303,-0.24117838752168747,2.532354957571914,log_only,log_only,log_only,normal,normal_control,,context_suppressed,0.0,normal,none,True,False,context_stabilization|guidance_context_change,,,,,,0.0,0.0,0.0,0.0,0.0,0.0,fresh,fresh,fresh,fresh,fresh,fresh
4.449999999999992,0.13962088920610227,0.03126220491523061,200.026504620345,0.40481255912576386,-0.2825463771783331,3.2093912243926117,log_only,log_only,log_only,normal,normal_control,,context_suppressed,0.0,normal,none,True,False,context_stabilization|guidance_context_change,,,,,,0.0,0.0,0.0,0.0,0.0,0.0,fresh,fresh,fresh,fresh,fresh,fresh
4.499999999999992,0.16997956370361794,0.040293902221704384,200.03161196845176,0.4796047178161587,-0.3164399135348056,3.9385389609562482,log_only,log_only,log_only,normal,normal_control,,context_suppressed,0.0,normal,none,True,False,context_stabilization|guidance_context_change,,,,,,0.0,0.0,0.0,0.0,0.0,0.0,fresh,fresh,fresh,fresh,fresh,fresh
4.549999999999992,0.20325708440100548,0.050574752858132295,200.03706462900308,0.5581646176120266,-0.34001288637539157,4.7122635159346355,log_only,log_only,log_only,normal,normal_control,,context_suppressed,0.0,normal,none,True,False,context_stabilization|guidance_context_change,,,,,,0.0,0.0,0.0,0.0,0.0,0.0,fresh,fresh,fresh,fresh,fresh,fresh
4.599999999999992,0.23922870609982794,0.061989005344126866,200.04284760198576,0.6376636788501453,-0.34921266168492704,5.524142312856711,log_only,log_only,log_only,normal,normal_control,,context_suppressed,0.0,normal,none,True,False,context_stabilization|guidance_context_change,,,,,,0.0,0.0,0.0,0.0,0.0,0.0,fresh,fresh,fresh,fresh,fresh,fresh
4.6499999999999915,0.27766804273811285,0.07445665888645558,200.048954256116,0.7159637764007482,-0.34349097860537126,6.368677427955753,log_only,log_only,log_only,normal,normal_control,,context_suppressed,0.0,normal,none,True,False,context_stabilization|guidance_context_change,,,,,,0.0,0.0,0.0,0.0,0.0,0.0,fresh,fresh,fresh,fresh,fresh,fresh
4.699999999999991,0.3184215597269321,0.08787354544137038,200.0555267004744,0.7906916237033647,-0.3207913228305209,7.241173203093731,log_only,log_only,log_only,normal,normal_control,,context_suppressed,0.0,normal,none,True,False,context_stabilization|guidance_context_change,,,,,,0.0,0.0,0.0,0.0,0.0,0.0,fresh,fresh,fresh,fresh,fresh,fresh
4.749999999999991,0.3612645870013027,0.1021797932138182,200.06246432084515,0.8603390213253432,-0.2796976235389394,8.137741255005047,log_only,log_only,log_only,normal,normal_control,,context_suppressed,0.0,normal,none,True,False,context_stabilization|guidance_context_change,,,,,,0.0,0.0,0.0,0.0,0.0,0.0,fresh,fresh,fresh,fresh,fresh,fresh
4.799999999999991,0.40605388208013604,0.11727666907957429,200.06957526185727,0.9230458123498303,-0.22040463269257463,9.055304764098404,log_only,log_only,log_only,normal,normal_control,,context_suppressed,0.0,normal,none,True,False,context_stabilization|guidance_context_change,,,,,,0.0,0.0,0.0,0.0,0.0,0.0,fresh,fresh,fresh,fresh,fresh,fresh
4.849999999999991,0.45262142386597487,0.13304904264458578,200.076820474271,0.9771776446525785,-0.14403649734134444,9.991919744966282,log_only,log_only,log_only,normal,normal_control,,context_suppressed,0.0,normal,none,True,False,context_stabilization|guidance_context_change,,,,,,0.0,0.0,0.0,0.0,0.0,0.0,fresh,fresh,fresh,fresh,fresh,fresh
4.899999999999991,0.5007477212744371,0.14951646992431006,200.08416211154852,1.0230655173174734,-0.052915243489134275,10.946127651218502,log_only,log_only,log_only,normal,normal_control,,context_suppressed,0.0,normal,none,True,False,context_stabilization|guidance_context_change,,,,,,0.0,0.0,0.0,0.0,0.0,0.0,fresh,fresh,fresh,fresh,fresh,fresh
4.94999999999999,0.5503141927156111,0.16658692761366367,200.09159951813388,1.0596299089382344,0.05190665731326056,11.916962289041066,log_only,log_only,log_only,normal,normal_control,,context_suppressed,0.0,normal,none,True,False,context_stabilization|guidance_context_change,,,,,,0.0,0.0,0.0,0.0,0.0,0.0,fresh,fresh,fresh,fresh,fresh,fresh
4.99999999999999,0.6012687382173468,0.1841864644312583,200.09920976619142,1.0860932053031152,0.16961930715099602,12.904581388684143,log_only,log_only,log_only,normal,normal_control,,context_suppressed,0.0,normal,none,True,False,context_stabilization|guidance_context_change,,,,,,0.0,0.0,0.0,0.0,0.0,0.0,fresh,fresh,fresh,fresh,fresh,fresh
5.04999999999999,0.6534944023728467,0.2022893772261816,200.106995997193,1.1026112700919635,0.2982976666303423,13.909095896389198,log_only,log_only,log_only,log_only,normal_control,,context_suppressed,0.0,normal,none,True,False,context_stabilization|guidance_context_change,,,,,,0.0,0.0,0.0,0.0,0.0,0.0,fresh,fresh,fresh,fresh,fresh,fresh
5.09999999999999,0.706399924262297,0.2206612206467428,200.11482126153115,1.1084545259089327,0.438914830608589,14.931145407365754,log_only,log_only,log_only,log_only,normal_control,,context_suppressed,0.0,normal,none,True,False,context_stabilization|guidance_context_change,,,,,,0.0,0.0,0.0,0.0,0.0,0.0,fresh,fresh,fresh,fresh,fresh,fresh
5.14999999999999,0.7595192658356227,0.23918300966915682,200.12260953973617,1.104411939577163,0.5918000701295979,15.969242423341422,log_only,log_only,log_only,log_only,normal_control,,context_suppressed,0.0,normal,none,True,False,context_stabilization|guidance_context_change,,,,,,0.0,0.0,0.0,0.0,0.0,0.0,fresh,fresh,fresh,fresh,fresh,fresh
5.1999999999999895,0.8128715487529149,0.25777392812438493,200.13033943080353,1.0903435858109234,0.7510738844058386,17.019049204063613,log_only,log_only,log_only,log_only,normal_control,,context_suppressed,0.0,normal,none,True,False,context_stabilization|guidance_context_change,,,,,,0.0,0.0,0.0,0.0,0.0,0.0,fresh,fresh,fresh,fresh,fresh,fresh
5.249999999999989,0.8664727503918823,0.2763239823922088,200.13808722460385,1.0659216883085654,0.9136921281833832,18.077564334341076,log_only,log_only,log_only,log_only,normal_control,,context_suppressed,0.0,normal,none,True,False,context_stabilization|guidance_context_change,,,,,,0.0,0.0,0.0,0.0,0.0,0.0,fresh,fresh,fresh,fresh,fresh,fresh
5.299999999999989,0.9202398352366701,0.2948249987594072,200.14592335432263,1.0325464089317138,1.0792551525337606,19.14198531956444,log_only,log_only,log_only,log_only,normal_control,,context_suppressed,0.0,normal,none,True,False,context_stabilization|guidance_context_change,,,,,,0.0,0.0,0.0,0.0,0.0,0.0,fresh,fresh,fresh,fresh,fresh,fresh
5.349999999999989,0.9741127760952681,0.3132670535320216,200.15375566063253,0.9915320481213992,1.2440481351485115,20.2095858920895,log_only,log_only,log_only,log_only,normal_control,,context_suppressed,0.0,normal,none,True,False,context_stabilization|guidance_context_change,,,,,,0.0,0.0,0.0,0.0,0.0,0.0,fresh,fresh,fresh,fresh,fresh,fresh
5.399999999999989,1.0281509136342704,0.33158340836126454,200.1614726064392,0.943038913505833,1.4057686018142148,21.277571261276506,log_only,log_only,log_only,log_only,normal_control,,context_suppressed,0.0,normal,none,True,False,context_stabilization|guidance_context_change,,,,,,0.0,0.0,0.0,0.0,0.0,0.0,fresh,fresh,fresh,fresh,fresh,fresh
5.449999999999989,1.0823657692804143,0.349671412304547,200.16911664763558,0.8871812948611063,1.5633928521187184,22.343674590634468,log_only,log_only,log_only,log_only,normal_control,,context_suppressed,0.0,normal,none,True,False,context_stabilization|guidance_context_change,,,,,,0.0,0.0,0.0,0.0,0.0,0.0,fresh,fresh,fresh,fresh,fresh,fresh
5.4999999999999885,1.1366929225422346,0.3675591466294973,200.17676755841345,0.8260807370023632,1.7140623986970118,23.406916073843888,log_only,log_only,log_only,log_only,normal_control,,context_suppressed,0.0,normal,none,True,False,context_stabilization|guidance_context_change,,,,,,0.0,0.0,0.0,0.0,0.0,0.0,fresh,fresh,fresh,fresh,fresh,fresh
5.549999999999988,1.1911349482032472,0.3852445256272508,200.18435142489315,0.7610451214647201,1.8540324306141547,24.465496103400852,log_only,log_only,log_only,log_only,normal_control,,context_suppressed,0.0,normal,none,True,False,context_stabilization|guidance_context_change,,,,,,0.0,0.0,0.0,0.0,0.0,0.0,fresh,fresh,fresh,fresh,fresh,fresh
5.599999999999988,1.2456928547063033,0.4026130212211429,200.1918244712191,0.6921471159807963,1.984524607841464,25.51832956230147,possible,log_only,log_only,possible,normal_control,,context_suppressed,0.0,normal,none,True,False,context_stabilization|sensor_hypothesis:dvl,,,,,,0.0,0.0,0.0,0.0,0.0,0.0,fresh,fresh,fresh,fresh,fresh,fresh
5.649999999999988,1.3003115895539552,0.4195862056275446,200.1992683246813,0.6203424792826405,2.1045576133214388,26.564998761088603,possible,log_only,log_only,possible,normal_control,,context_suppressed,0.0,normal,none,True,False,context_stabilization|sensor_hypothesis:dvl,,,,,,0.0,0.0,0.0,0.0,0.0,0.0,fresh,fresh,fresh,fresh,fresh,fresh
5.699999999999988,1.354937460288478,0.436123681099683,200.20671260891945,0.5470220195399406,2.2127674937247965,27.6043659234669,possible,log_only,log_only,possible,normal_control,,context_suppressed,0.0,normal,none,True,False,context_stabilization|sensor_hypothesis:dvl,,,,,,0.0,0.0,0.0,0.0,0.0,0.0,fresh,fresh,fresh,fresh,fresh,fresh
5.749999999999988,1.4094473317579432,0.4522364643738262,200.2141653904385,0.4745947139139122,2.31194093459718,28.636078816938802,possible,log_only,log_only,possible,normal_control,,context_suppressed,0.0,normal,none,True,False,context_stabilization|sensor_hypothesis:dvl,,,,,,0.0,0.0,0.0,0.0,0.0,0.0,fresh,fresh,fresh,fresh,fresh,fresh
5.799999999999987,1.463710239872753,0.46792575640945283,200.22161109256825,0.40533944648024584,2.401844986638222,29.659221503056145,possible,log_only,log_only,possible,normal_control,,context_suppressed,0.0,normal,none,True,False,context_stabilization|sensor_hypothesis:dvl,,,,,,0.0,0.0,0.0,0.0,0.0,0.0,fresh,fresh,fresh,fresh,fresh,fresh
5.849999999999987,1.517652668569746,0.4831021144481353,200.22893472068546,0.3399654132647136,2.4789471403821763,30.671973247102397,possible,log_only,log_only,possible,normal_control,,context_suppressed,0.0,normal,none,True,False,context_stabilization|sensor_hypothesis:dvl,,,,,,0.0,0.0,0.0,0.0,0.0,0.0,fresh,fresh,fresh,fresh,fresh,fresh
5.899999999999987,1.5711500133350575,0.49763472874448633,200.23615653172052,0.27892472915300665,2.5427621437711454,31.671840562878558,possible,log_only,log_only,possible,normal_control,,context_suppressed,0.0,normal,none,True,False,context_stabilization|sensor_hypothesis:dvl,,,,,,0.0,0.0,0.0,0.0,0.0,0.0,fresh,fresh,fresh,fresh,fresh,fresh
5.949999999999987,1.624050569701447,0.5114447577239989,200.24331293666432,0.22347562633573992,2.5934349206851532,32.65738564807148,possible,log_only,log_only,possible,normal_control,,context_suppressed,0.0,normal,none,True,False,context_stabilization|sensor_hypothesis:dvl,,,,,,0.0,0.0,0.0,0.0,0.0,0.0,fresh,fresh,fresh,fresh,fresh,fresh
5.999999999999987,1.6762680378855335,0.5245608886088635,200.25040166227484,0.1754532772874755,2.629453563196202,33.62761107220533,possible,log_only,log_only,possible,normal_control,,context_suppressed,0.0,normal,none,True,False,context_stabilization|sensor_hypothesis:dvl,,,,,,0.0,0.0,0.0,0.0,0.0,0.0,fresh,fresh,fresh,fresh,fresh,fresh
6.0499999999999865,1.7277737976313714,0.5370318682726207,200.25746798584856,0.1362245717107555,2.650857538889559,34.57940985027198,possible,log_only,log_only,possible,normal_control,,context_suppressed,0.0,normal,none,True,False,context_stabilization|sensor_hypothesis:dvl,,,,,,0.0,0.0,0.0,0.0,0.0,0.0,fresh,fresh,fresh,fresh,fresh,fresh
6.099999999999986,1.7784739778826517,0.5489016954219401,200.26449436890772,0.10741547510890659,2.6592360697263793,35.50999923999158,possible,log_only,log_only,possible,normal_control,,context_suppressed,0.0,normal,none,True,False,context_stabilization|sensor_hypothesis:dvl,,,,,,0.0,0.0,0.0,0.0,0.0,0.0,fresh,fresh,fresh,fresh,fresh,fresh
6.149999999999986,1.8283252292425902,0.5601687899949757,200.27143442761212,0.08950760577305535,2.6556154681030875,36.41624773219133,possible,normal,log_only,possible,normal_control,,context_suppressed,0.0,normal,none,True,False,context_stabilization|sensor_hypothesis:dvl,,,,,,0.0,0.0,0.0,0.0,0.0,0.0,fresh,fresh,fresh,fresh,fresh,fresh
6.199999999999986,1.8773148203947843,0.5708396894576405,200.27832858758336,0.08269917510511172,2.6392174108054567,37.29499628732355,possible,normal,log_only,possible,normal_control,,context_suppressed,0.0,normal,none,True,False,context_stabilization|sensor_hypothesis:dvl,,,,,,0.0,0.0,0.0,0.0,0.0,0.0,fresh,fresh,fresh,fresh,fresh,fresh
6.249999999999986,1.925379152159098,0.5808712413174578,200.28516699537053,0.08691717605630155,2.6110486282944914,38.14329517779623,possible,normal,log_only,possible,normal_control,,context_suppressed,0.0,normal,none,True,False,context_stabilization|sensor_hypothesis:dvl,,,,,,0.0,0.0,0.0,0.0,0.0,0.0,fresh,fresh,fresh,fresh,fresh,fresh
6.299999999999986,1.9724832050873113,0.5901680553004252,200.29197521893693,0.1012388699078118,2.5708013456298118,38.958295153029745,possible,normal,log_only,possible,normal_control,,context_suppressed,0.0,normal,none,True,False,context_stabilization|sensor_hypothesis:dvl,,,,,,0.0,0.0,0.0,0.0,0.0,0.0,fresh,fresh,fresh,fresh,fresh,fresh
6.349999999999985,2.0186270052090802,0.5987427282556755,200.29869301123384,0.12546968147220647,2.5182655019652755,39.73755620958675,possible,normal,log_only,possible,normal_control,,context_suppressed,0.0,normal,none,True,False,context_stabilization|sensor_hypothesis:dvl,,,,,,0.0,0.0,0.0,0.0,0.0,0.0,fresh,fresh,fresh,fresh,fresh,fresh
6.399999999999985,2.06379186498384,0.6066040300585629,200.3053086446474,0.15924323001872687,2.4536596426798583,40.47847546489038,possible,normal,log_only,possible,normal_control,,context_suppressed,0.0,normal,none,True,False,context_stabilization|sensor_hypothesis:dvl,,,,,,0.0,0.0,0.0,0.0,0.0,0.0,fresh,fresh,fresh,fresh,fresh,fresh
6.449999999999985,2.1079683748285665,0.6138125902577688,200.31184510007495,0.2025909834248423,2.3758574268565646,41.17897459810908,possible,normal,log_only,possible,normal_control,,context_suppressed,0.0,normal,none,True,False,context_stabilization|sensor_hypothesis:dvl,,,,,,0.0,0.0,0.0,0.0,0.0,0.0,fresh,fresh,fresh,fresh,fresh,fresh
6.499999999999985,2.151130267433364,0.6204176071341522,200.3182124092176,0.25536228168881403,2.2863115219501626,41.83861555637035,possible,normal,log_only,possible,normal_control,,context_suppressed,0.0,normal,none,True,False,context_stabilization|sensor_hypothesis:dvl,,,,,,0.0,0.0,0.0,0.0,0.0,0.0,fresh,fresh,fresh,fresh,fresh,fresh
6.549999999999985,2.1932462688250007,0.6263312541977415,200.32451692279517,0.3159763503848531,2.1872654206718662,42.45464830263263,possible,normal,log_only,possible,normal_control,,context_suppressed,0.0,normal,none,True,False,context_stabilization|sensor_hypothesis:dvl,,,,,,0.0,0.0,0.0,0.0,0.0,0.0,fresh,fresh,fresh,fresh,fresh,fresh
6.5999999999999845,2.2343317364253403,0.6315063085421846,200.3307903311751,0.38303531290883697,2.0819183677175035,43.02448335224379,possible,normal,log_only,possible,normal_control,,context_suppressed,0.0,normal,none,True,False,context_stabilization|sensor_hypothesis:dvl,,,,,,0.0,0.0,0.0,0.0,0.0,0.0,fresh,fresh,fresh,fresh,fresh,fresh
6.649999999999984,2.27437317077748,0.6360333980197805,200.33696552064228,0.45662461035113483,1.9708659079609072,43.54794080365672,possible,normal,log_only,possible,normal_control,,context_suppressed,0.0,normal,none,True,False,context_stabilization|sensor_hypothesis:dvl,,,,,,0.0,0.0,0.0,0.0,0.0,0.0,fresh,fresh,fresh,fresh,fresh,fresh
6.699999999999984,2.313264293216997,0.6398876441798402,200.343030414503,0.5363595325321258,1.8555381225430718,44.023375921507444,possible,normal,log_only,possible,normal_control,,context_suppressed,0.0,normal,none,True,False,context_stabilization|sensor_hypothesis:dvl,,,,,,0.0,0.0,0.0,0.0,0.0,0.0,fresh,fresh,fresh,fresh,fresh,fresh
6.749999999999984,2.35097567960067,0.643012165142409,200.34887604786684,0.6207626573296067,1.7381164052451834,44.44907929682533,possible,normal,log_only,possible,normal_control,,context_suppressed,0.0,normal,none,True,False,context_stabilization|sensor_hypothesis:dvl,,,,,,0.0,0.0,0.0,0.0,0.0,0.0,fresh,fresh,fresh,fresh,fresh,fresh
6.799999999999984,2.387602130686346,0.6454904167742324,200.3544831874321,0.7084201170960585,1.6182837042747702,44.82429466839448,possible,normal,log_only,possible,normal_control,,context_suppressed,0.0,normal,none,True,False,context_stabilization|sensor_hypothesis:dvl,,,,,,0.0,0.0,0.0,0.0,0.0,0.0,fresh,fresh,fresh,fresh,fresh,fresh
6.849999999999984,2.423193841421471,0.6473155892816829,200.3599395943156,0.7976010653497981,1.5000922323332977,45.147900171354976,possible,normal,log_only,possible,normal_control,,context_suppressed,0.0,normal,none,True,False,context_stabilization|sensor_hypothesis:dvl,,,,,,0.0,0.0,0.0,0.0,0.0,0.0,fresh,fresh,fresh,fresh,fresh,fresh
6.8999999999999835,2.4577379818416727,0.6484717602048233,200.36526366052425,0.8872044207744145,1.3848570214970646,45.419943834881806,possible,normal,log_only,possible,normal_control,,context_suppressed,0.0,normal,none,True,False,context_stabilization|sensor_hypothesis:dvl,,,,,,0.0,0.0,0.0,0.0,0.0,0.0,fresh,fresh,fresh,fresh,fresh,fresh
6.949999999999983,2.491262760189905,0.649025584286394,200.3704586103627,0.9764973759587117,1.270720200659931,45.641443758093395,possible,normal,log_only,possible,normal_control,,context_suppressed,0.0,normal,none,True,False,context_stabilization|sensor_hypothesis:dvl,,,,,,0.0,0.0,0.0,0.0,0.0,0.0,fresh,fresh,fresh,fresh,fresh,fresh
6.999999999999983,2.5238265278864302,0.649055379513935,200.37546103289193,1.0645437948069008,1.1574099188867555,45.813590819721796,possible,normal,log_only,possible,normal_control,,context_suppressed,0.0,normal,none,True,False,context_stabilization|sensor_hypothesis:dvl,,,,,,0.0,0.0,0.0,0.0,0.0,0.0,fresh,fresh,fresh,fresh,fresh,fresh
7.049999999999983,2.5554137664724053,0.648611539245705,200.38026348001642,1.1507303188650857,1.0461536519968118,45.93722859905579,possible,normal,log_only,possible,normal_control,,context_suppressed,0.0,normal,none,True,False,context_stabilization|sensor_hypothesis:dvl,,,,,,0.0,0.0,0.0,0.0,0.0,0.0,fresh,fresh,fresh,fresh,fresh,fresh
7.099999999999983,2.5860104899360636,0.6476601483958887,200.38498728312638,1.233850331607716,0.9395358870735808,46.01321843359835,possible,normal,log_only,possible,normal_control,,context_suppressed,0.0,normal,none,True,False,context_stabilization|sensor_hypothesis:dvl,,,,,,0.0,0.0,0.0,0.0,0.0,0.0,fresh,fresh,fresh,fresh,fresh,fresh
7.149999999999983,2.6155674441641246,0.6461753198785061,200.38965798419272,1.313263008902773,0.8393484038038642,46.04321064541999,possible,normal,normal,possible,normal_control,,context_suppressed,0.0,normal,none,True,False,context_stabilization|sensor_hypothesis:dvl,,,,,,0.0,0.0,0.0,0.0,0.0,0.0,fresh,fresh,fresh,fresh,fresh,fresh
7.199999999999982,2.6440916023099605,0.6441984033697185,200.39419074108326,1.3883156323098713,0.7466547912858417,46.028518687605285,possible,normal,normal,possible,normal_control,,context_suppressed,0.0,normal,none,True,False,context_stabilization|sensor_hypothesis:dvl,,,,,,0.0,0.0,0.0,0.0,0.0,0.0,fresh,fresh,fresh,fresh,fresh,fresh
7.249999999999982,2.671654432301709,0.641799006962349,200.39853800663087,1.457977344594884,0.6604859381209361,45.97085190972069,possible,normal,normal,possible,normal_control,,context_suppressed,0.0,normal,none,True,False,context_stabilization|sensor_hypothesis:dvl,,,,,,0.0,0.0,0.0,0.0,0.0,0.0,fresh,fresh,fresh,fresh,fresh,fresh
7.299999999999982,2.6982923460525376,0.6390439998174962,200.4027892185305,1.5216315689624582,0.5824056751285555,45.872352814562305,possible,normal,normal,possible,normal_control,,context_suppressed,0.0,normal,none,True,False,context_stabilization|sensor_hypothesis:dvl,,,,,,0.0,0.0,0.0,0.0,0.0,0.0,fresh,fresh,fresh,fresh,fresh,fresh
7.349999999999982,2.7239671494608677,0.6359503988837223,200.4069468349665,1.5790362991011335,0.5123708104128903,45.73499145985058,possible,normal,normal,possible,normal_control,,context_suppressed,0.0,normal,none,True,False,context_stabilization|sensor_hypothesis:dvl,,,,,,0.0,0.0,0.0,0.0,0.0,0.0,fresh,fresh,fresh,fresh,fresh,fresh
7.399999999999982,2.748689581829355,0.6324950787339001,200.41088418752213,1.6290296323008577,0.4486601595586236,45.56108671229712,possible,normal,normal,possible,normal_control,,context_suppressed,0.0,normal,none,True,False,context_stabilization|sensor_hypothesis:dvl,,,,,,0.0,0.0,0.0,0.0,0.0,0.0,fresh,fresh,fresh,fresh,fresh,fresh
7.4499999999999815,2.772496913102563,0.6286780723670695,200.41461237117096,1.6705003896278423,0.3922434063212277,45.353716695774985,possible,normal,normal,possible,normal_control,,context_suppressed,0.0,normal,none,True,False,context_stabilization|sensor_hypothesis:dvl,,,,,,0.0,0.0,0.0,0.0,0.0,0.0,fresh,fresh,fresh,fresh,fresh,fresh
7.499999999999981,2.795399498821123,0.6245844675141742,200.41825168959397,1.7035578017864328,0.3417006169294721,45.11588514111797,possible,normal,normal,possible,normal_control,,context_suppressed,0.0,normal,none,True,False,context_stabilization|sensor_hypothesis:dvl,,,,,,0.0,0.0,0.0,0.0,0.0,0.0,fresh,fresh,fresh,fresh,fresh,fresh
7.549999999999981,2.8174263556127364,0.6202106904707808,200.4218541446446,1.7275316650474533,0.29561542589994805,44.85061380680141,possible,normal,normal,possible,normal_control,,context_suppressed,0.0,normal,none,True,False,context_stabilization|sensor_hypothesis:dvl,,,,,,0.0,0.0,0.0,0.0,0.0,0.0,fresh,fresh,fresh,fresh,fresh,fresh
7.599999999999981,2.8385334259220976,0.615505689348401,200.42534575417906,1.7420243054946787,0.25567020169733995,44.559918769510936,possible,normal,normal,possible,normal_control,,context_suppressed,0.0,normal,none,True,False,context_stabilization|sensor_hypothesis:dvl,,,,,,0.0,0.0,0.0,0.0,0.0,0.0,fresh,fresh,fresh,fresh,fresh,fresh
7.649999999999981,2.8586763939273303,0.6104761963121369,200.4286314222104,1.74710963701198,0.2211193102757451,44.24562821234559,possible,normal,normal,possible,normal_control,,context_suppressed,0.0,normal,none,True,False,context_stabilization|sensor_hypothesis:dvl,,,,,,0.0,0.0,0.0,0.0,0.0,0.0,fresh,fresh,fresh,fresh,fresh,fresh
7.699999999999981,2.8779283438973233,0.6051246609249938,200.43175133084378,1.7419087148697212,0.19126993139980747,43.910516938444225,possible,normal,normal,possible,normal_control,,context_suppressed,0.0,normal,none,True,False,context_stabilization|sensor_hypothesis:dvl,,,,,,0.0,0.0,0.0,0.0,0.0,0.0,fresh,fresh,fresh,fresh,fresh,fresh
7.7499999999999805,2.8963451953806163,0.5995046114222137,200.43485912145835,1.7264699301779678,0.16583884159373363,43.55753503955582,possible,normal,normal,possible,normal_control,,context_suppressed,0.0,normal,none,True,False,context_stabilization|sensor_hypothesis:dvl,,,,,,0.0,0.0,0.0,0.0,0.0,0.0,fresh,fresh,fresh,fresh,fresh,fresh
7.79999999999998,2.913893710928405,0.5936554142567011,200.43789175658742,1.701598324615314,0.14201497692409612,43.188823100147104,possible,normal,normal,possible,normal_control,,context_suppressed,0.0,normal,none,True,False,context_stabilization|sensor_hypothesis:dvl,,,,,,0.0,0.0,0.0,0.0,0.0,0.0,fresh,fresh,fresh,fresh,fresh,fresh
7.84999999999998,2.93060614688965,0.5876097849753473,200.44074206238946,1.6673956339348452,0.12123196720072975,42.80747015516884,possible,normal,normal,possible,normal_control,,context_suppressed,0.0,normal,none,True,False,context_stabilization|sensor_hypothesis:dvl,,,,,,0.0,0.0,0.0,0.0,0.0,0.0,fresh,fresh,fresh,fresh,fresh,fresh
7.89999999999998,2.9464724417543047,0.5813382573449305,200.4434976308233,1.6239291821223873,0.10523804721770853,42.4166494719074,possible,normal,normal,possible,normal_control,,context_suppressed,0.0,normal,none,True,False,context_stabilization|sensor_hypothesis:dvl,,,,,,0.0,0.0,0.0,0.0,0.0,0.0,fresh,fresh,fresh,fresh,fresh,fresh
7.94999999999998,2.96147264625025,0.5748462543639282,200.44619706725163,1.57183543358319,0.09398596029711759,42.01808009950014,possible,normal,normal,possible,normal_control,,context_suppressed,0.0,normal,none,True,False,context_stabilization|sensor_hypothesis:dvl,,,,,,0.0,0.0,0.0,0.0,0.0,0.0,fresh,fresh,fresh,fresh,fresh,fresh
7.99999999999998,2.9756490526800294,0.5681779052235794,200.44877266206865,1.5115930445161712,0.08780017457517883,41.61382349242966,possible,normal,normal,possible,normal_control,,context_suppressed,0.0,normal,none,True,False,context_stabilization|sensor_hypothesis:dvl,,,,,,0.0,0.0,0.0,0.0,0.0,0.0,fresh,fresh,fresh,fresh,fresh,fresh
8.04999999999998,2.988978110376467,0.5612559571883547,200.45125763198732,1.4431875802760652,0.0861757103811673,41.20649338134965,possible,normal,normal,possible,normal_control,,context_suppressed,0.0,normal,none,True,False,context_stabilization|sensor_hypothesis:dvl,,,,,,0.0,0.0,0.0,0.0,0.0,0.0,fresh,fresh,fresh,fresh,fresh,fresh
8.09999999999998,3.001483380266035,0.5540744254670841,200.45361048815406,1.367012715588808,0.08789782056757392,40.798277565431476,possible,normal,normal,possible,normal_control,,context_suppressed,0.0,normal,none,True,False,context_stabilization|sensor_hypothesis:dvl,,,,,,0.0,0.0,0.0,0.0,0.0,0.0,fresh,fresh,fresh,fresh,fresh,fresh
8.14999999999998,3.0131482977963873,0.5466917233353251,200.45591146327885,1.2844648635725262,0.0925649937319084,40.390791015636445,possible,normal,normal,possible,normal_control,,context_suppressed,0.0,normal,none,True,False,context_stabilization|sensor_hypothesis:dvl,,,,,,0.0,0.0,0.0,0.0,0.0,0.0,fresh,fresh,fresh,fresh,fresh,fresh
8.199999999999982,3.023881344227086,0.5390963229374653,200.45824654055704,1.1970714065917532,0.10136422537198955,39.985609410881565,possible,normal,normal,possible,normal_control,,context_suppressed,0.0,normal,none,True,False,context_stabilization|sensor_hypothesis:dvl,,,,,,0.0,0.0,0.0,0.0,0.0,0.0,fresh,fresh,fresh,fresh,fresh,fresh
8.249999999999982,3.033742835461825,0.5313074723933741,200.46048674919757,1.105304400079584,0.11230803838430509,39.58338807386548,possible,normal,normal,possible,normal_control,,context_suppressed,0.0,normal,none,True,False,context_stabilization|sensor_hypothesis:dvl,,,,,,0.0,0.0,0.0,0.0,0.0,0.0,fresh,fresh,fresh,fresh,fresh,fresh
8.299999999999983,3.04281175951959,0.5233779030080399,200.46267199982034,1.0099093823385443,0.12241016217248349,39.18637742985239,possible,normal,normal,possible,normal_control,,context_suppressed,0.0,normal,none,True,False,context_stabilization|sensor_hypothesis:dvl,,,,,,0.0,0.0,0.0,0.0,0.0,0.0,fresh,fresh,fresh,fresh,fresh,fresh
8.349999999999984,3.051136033076876,0.5153273172021204,200.4648037253836,0.9116445416311604,0.1301206685776641,38.79662189625845,possible,normal,normal,possible,normal_control,,context_suppressed,0.0,normal,none,True,False,context_stabilization|sensor_hypothesis:dvl,,,,,,0.0,0.0,0.0,0.0,0.0,0.0,fresh,fresh,fresh,fresh,fresh,fresh
8.399999999999984,3.058729798740209,0.507178317508638,200.4668533010625,0.8115657086742782,0.1349139037515233,38.4148280932004,possible,normal,normal,possible,normal_control,,context_suppressed,0.0,normal,none,True,False,context_stabilization|sensor_hypothesis:dvl,,,,,,0.0,0.0,0.0,0.0,0.0,0.0,fresh,fresh,fresh,fresh,fresh,fresh
8.449999999999985,3.06553810888749,0.49891887925803463,200.46882649205517,0.7109330445485101,0.13884783981713048,38.0416445127024,possible,normal,normal,possible,normal_control,,context_suppressed,0.0,normal,none,True,False,context_stabilization|sensor_hypothesis:dvl,,,,,,0.0,0.0,0.0,0.0,0.0,0.0,fresh,fresh,fresh,fresh,fresh,fresh
8.499999999999986,3.071568470875366,0.4905844200121927,200.47074304998466,0.6109604320460108,0.14430903851575846,37.67820873867391,possible,normal,normal,possible,normal_control,,context_suppressed,0.0,normal,none,True,False,context_stabilization|sensor_hypothesis:dvl,,,,,,0.0,0.0,0.0,0.0,0.0,0.0,fresh,fresh,fresh,fresh,fresh,fresh
8.549999999999986,3.076860975298291,0.48216810267842275,200.47255550023456,0.5121481070866823,0.15167072272866194,37.32616391903889,possible,normal,normal,possible,normal_control,,context_suppressed,0.0,normal,none,True,False,context_stabilization|sensor_hypothesis:dvl,,,,,,0.0,0.0,0.0,0.0,0.0,0.0,fresh,fresh,fresh,fresh,fresh,fresh
8.599999999999987,3.0814272312443536,0.47358219178330274,200.4742904329819,0.4143888010303316,0.1582841909805234,36.98647505395904,possible,normal,normal,possible,normal_control,,context_suppressed,0.0,normal,none,True,False,awaiting_fresh_model_inference,,,,,,0.0,0.0,0.0,0.0,0.0,0.0,fresh,fresh,fresh,fresh,fresh,fresh
8.649999999999988,3.0853138074494737,0.4648790116643873,200.47602709795808,0.31879994284809565,0.1627917716722984,36.65916309730033,possible,normal,normal,possible,normal_control,,context_suppressed,0.0,normal,none,True,False,awaiting_fresh_model_inference,,,,,,0.0,0.0,0.0,0.0,0.0,0.0,fresh,fresh,fresh,fresh,fresh,fresh
8.699999999999989,3.0885632134868835,0.45613395106736065,200.47777459648813,0.22671392649725192,0.16374314075719604,36.34392793082695,possible,normal,normal,possible,normal_control,,context_suppressed,0.0,normal,none,True,False,awaiting_fresh_model_inference,,,,,,0.0,0.0,0.0,0.0,0.0,0.0,fresh,fresh,fresh,fresh,fresh,fresh
8.74999999999999,3.0911537775784814,0.44740831672729925,200.4794759574031,0.13976772603900714,0.15850753444375681,36.04159348241702,possible,normal,normal,possible,normal_control,,context_suppressed,0.0,normal,none,True,False,awaiting_fresh_model_inference,,,,,,0.0,0.0,0.0,0.0,0.0,0.0,fresh,fresh,fresh,fresh,fresh,fresh
8.79999999999999,3.0931248614924036,0.43868024032897507,200.4810574937806,0.05814854110042638,0.14630334731284966,35.7530990624014,possible,normal,normal,possible,normal_control,,context_suppressed,0.0,normal,none,True,False,awaiting_fresh_model_inference,,,,,,0.0,0.0,0.0,0.0,0.0,0.0,fresh,fresh,fresh,fresh,fresh,fresh
8.84999999999999,3.094556975384884,0.4298803094495686,200.48262273475774,-0.018764571114658114,0.1309796646627413,35.47831442911658,possible,normal,normal,possible,normal_control,,context_suppressed,0.0,normal,none,True,False,awaiting_fresh_model_inference,,,,,,0.0,0.0,0.0,0.0,0.0,0.0,fresh,fresh,fresh,fresh,fresh,fresh
8.899999999999991,3.095478889615638,0.4210341494895084,200.48416281379036,-0.09025283202002415,0.11454938353679124,35.21719227459827,possible,normal,normal,possible,normal_control,,context_suppressed,0.0,normal,none,True,False,awaiting_fresh_model_inference,,,,,,0.0,0.0,0.0,0.0,0.0,0.0,fresh,fresh,fresh,fresh,fresh,fresh
8.949999999999992,3.095860022342279,0.4120943390543086,200.48562374869655,-0.15602723515134215,0.09801909855202633,34.97001112764458,possible,normal,normal,possible,normal_control,,context_suppressed,0.0,normal,none,True,False,awaiting_fresh_model_inference,,,,,,0.0,0.0,0.0,0.0,0.0,0.0,fresh,fresh,fresh,fresh,fresh,fresh
8.999999999999993,3.0956840153499416,0.4030665349688462,200.48706660560998,-0.2154141421201114,0.08308169202776597,34.73681450378317,possible,normal,normal,possible,normal_control,,context_suppressed,0.0,normal,none,True,False,awaiting_fresh_model_inference,,,,,,0.0,0.0,0.0,0.0,0.0,0.0,fresh,fresh,fresh,fresh,fresh,fresh
9.049999999999994,3.0949744573072624,0.3940218863454988,200.48846737003055,-0.2674231818536073,0.06887283488801266,34.518515154709775,possible,normal,normal,possible,normal_control,,normal,0.08529688375997635,normal,none,False,False,,,,,,,0.0,0.0,0.0,0.0,0.0,0.0,fresh,fresh,fresh,fresh,fresh,fresh
9.099999999999994,3.0928109980101475,0.3866014700416506,200.4902271665633,-0.28814591102888915,0.0569324961976027,34.29123685388219,possible,normal,log_only,possible,normal_control,,context_suppressed,0.0,normal,none,True,False,context_stabilization|guidance_context_change,,,,,,0.0,0.0,0.0,0.0,0.0,0.0,fresh,fresh,fresh,fresh,fresh,fresh
9.149999999999995,3.0882937929046808,0.3823454333815985,200.49278133682338,-0.25605214926843595,0.04785819589474149,34.0228253805873,possible,normal,log_only,possible,normal_control,,context_suppressed,0.0,normal,none,True,False,context_stabilization|guidance_context_change,,,,,,0.0,0.0,0.0,0.0,0.0,0.0,fresh,fresh,fresh,fresh,fresh,fresh
9.199999999999996,3.081441445507537,0.38105991336248723,200.4961425462377,-0.1753981015598054,0.04193423023963952,33.69261596537706,possible,normal,log_only,possible,normal_control,,context_suppressed,0.0,normal,none,True,False,context_stabilization|guidance_context_change,,,,,,0.0,0.0,0.0,0.0,0.0,0.0,fresh,fresh,fresh,fresh,fresh,fresh
9.249999999999996,3.072280020815276,0.3825763273868806,200.50020766434292,-0.051014282718509364,0.03894356160552317,33.28416520476486,possible,normal,log_only,possible,normal_control,,context_suppressed,0.0,normal,none,True,False,context_stabilization|guidance_context_change,,,,,,0.0,0.0,0.0,0.0,0.0,0.0,fresh,fresh,fresh,fresh,fresh,fresh
9.299999999999997,3.060841927526347,0.3867369084392125,200.5047518092673,0.11174934218330114,0.03591182742145268,32.79455132135729,possible,normal,log_only,possible,normal_control,,context_suppressed,0.0,normal,none,True,False,context_stabilization|guidance_context_change,,,,,,0.0,0.0,0.0,0.0,0.0,0.0,fresh,fresh,fresh,fresh,fresh,fresh
9.349999999999998,3.047120977027276,0.3932713609747069,200.50972413309373,0.3062340857726259,0.032898665220923835,32.22944601909679,possible,normal,log_only,possible,normal_control,,context_suppressed,0.0,normal,none,True,False,context_stabilization|guidance_context_change,,,,,,0.0,0.0,0.0,0.0,0.0,0.0,fresh,fresh,fresh,fresh,fresh,fresh
9.399999999999999,3.0311140283475186,0.4019232447265405,200.5151550628168,0.5255925201753197,0.02683427055680691,31.598005024058384,possible,normal,log_only,possible,normal_control,,context_suppressed,0.0,normal,none,True,False,context_stabilization|guidance_context_change,,,,,,0.0,0.0,0.0,0.0,0.0,0.0,fresh,fresh,fresh,fresh,fresh,fresh
9.45,3.0128359826880358,0.41249742320877053,200.52106673769433,0.7633458601624465,0.01619845212747675,30.908695349917608,possible,normal,log_only,possible,normal_control,,context_suppressed,0.0,normal,none,True,False,context_stabilization|guidance_context_change,,,,,,0.0,0.0,0.0,0.0,0.0,0.0,fresh,fresh,fresh,fresh,fresh,fresh
9.5,2.9923170504159664,0.4248514419420998,200.52742437986737,1.0133205513556989,0.002489125020907262,30.169566234869485,possible,normal,log_only,possible,normal_control,,context_suppressed,0.0,normal,none,True,False,context_stabilization|guidance_context_change,,,,,,0.0,0.0,0.0,0.0,0.0,0.0,fresh,fresh,fresh,fresh,fresh,fresh
9.55,2.9695721018796464,0.4388134753927899,200.53413507741368,1.2692066295350715,-0.017789476374746625,29.388350385993313,possible,normal,log_only,possible,normal_control,,context_suppressed,0.0,normal,none,True,False,context_stabilization|guidance_context_change,,,,,,0.0,0.0,0.0,0.0,0.0,0.0,fresh,fresh,fresh,fresh,fresh,fresh
9.600000000000001,2.944605909437644,0.45419761839823364,200.54117916322673,1.5248304428629966,-0.04626518772688296,28.572934693391968,possible,normal,log_only,possible,normal_control,,context_suppressed,0.0,normal,none,True,False,context_stabilization|guidance_context_change,,,,,,0.0,0.0,0.0,0.0,0.0,0.0,fresh,fresh,fresh,fresh,fresh,fresh
9.650000000000002,2.9174357508143736,0.47086269772850076,200.54856152686685,1.7746013032274806,-0.08419755850664384,27.7309522450329,possible,normal,log_only,possible,normal_control,,context_suppressed,0.0,normal,none,True,False,context_stabilization|guidance_context_change,,,,,,0.0,0.0,0.0,0.0,0.0,0.0,fresh,fresh,fresh,fresh,fresh,fresh
9.700000000000003,2.8880810175310043,0.4886849122364558,200.55626916449393,2.0133395597217225,-0.13164582843034636,26.869462645335275,possible,normal,log_only,possible,normal_control,,context_suppressed,0.0,normal,none,True,False,context_stabilization|guidance_context_change,,,,,,0.0,0.0,0.0,0.0,0.0,0.0,fresh,fresh,fresh,fresh,fresh,fresh
9.750000000000004,2.8565649172324066,0.507564562234152,200.5642285822875,2.236378503243277,-0.18856078514485292,25.99535370133197,possible,normal,log_only,possible,normal_control,,context_suppressed,0.0,normal,none,True,False,context_stabilization|guidance_context_change,,,,,,0.0,0.0,0.0,0.0,0.0,0.0,fresh,fresh,fresh,fresh,fresh,fresh
9.800000000000004,2.822913142201701,0.5274177616682442,200.57234217088808,2.4396828219370845,-0.254563386694218,25.115457376238194,possible,normal,log_only,possible,normal_control,,context_suppressed,0.0,normal,none,True,False,context_stabilization|guidance_context_change,,,,,,0.0,0.0,0.0,0.0,0.0,0.0,fresh,fresh,fresh,fresh,fresh,fresh
9.850000000000005,2.7871366243188085,0.5481345240616663,200.580612589622,2.6194333730233734,-0.3286225612192795,24.23647488511134,possible,normal,log_only,possible,normal_control,,context_suppressed,0.0,normal,none,True,False,context_stabilization|guidance_context_change,,,,,,0.0,0.0,0.0,0.0,0.0,0.0,fresh,fresh,fresh,fresh,fresh,fresh
9.900000000000006,2.749248890421388,0.5696180614910404,200.58902990942534,2.7722339256819697,-0.4120975011269345,23.364633319655194,possible,normal,log_only,possible,normal_control,,context_suppressed,0.0,normal,none,True,False,context_stabilization|guidance_context_change,,,,,,0.0,0.0,0.0,0.0,0.0,0.0,fresh,fresh,fresh,fresh,fresh,fresh
9.950000000000006,2.7092988050669717,0.5918499991720099,200.59752564330094,2.895840768716203,-0.5049841562539326,22.505758394740695,possible,normal,log_only,possible,normal_control,,context_suppressed,0.0,normal,none,True,False,context_stabilization|guidance_context_change,,,,,,0.0,0.0,0.0,0.0,0.0,0.0,fresh,fresh,fresh,fresh,fresh,fresh
10.000000000000007,2.6673182909226254,0.6147788807060669,200.60609505563403,2.9881329263227245,-0.6069728434188726,21.665613624212234,possible,normal,log_only,possible,normal_control,,context_suppressed,0.0,normal,none,True,False,context_stabilization|guidance_context_change,,,,,,0.0,0.0,0.0,0.0,0.0,0.0,fresh,fresh,fresh,fresh,fresh,fresh
10.050000000000008,2.6232994887776755,0.6382894719427963,200.61472448904743,3.0467431599587282,-0.7170546716156312,20.84933236380342,possible,normal,log_only,possible,normal_control,,context_suppressed,0.0,normal,none,True,False,context_stabilization|guidance_context_change,,,,,,0.0,0.0,0.0,0.0,0.0,0.0,fresh,fresh,fresh,fresh,fresh,fresh
10.100000000000009,2.5772615052098065,0.6623201190829816,200.6233864034255,3.0701826816378848,-0.8333812431775414,20.06171670906932,possible,normal,log_only,possible,normal_control,,context_suppressed,0.0,normal,none,True,False,context_stabilization|guidance_context_change,,,,,,0.0,0.0,0.0,0.0,0.0,0.0,fresh,fresh,fresh,fresh,fresh,fresh
10.15000000000001,2.529241909726472,0.6868361659463708,200.63210846984228,3.057525522577225,-0.9558629455038767,19.307237313661464,possible,normal,log_only,possible,normal_control,,context_suppressed,0.0,normal,none,True,False,context_stabilization|guidance_context_change,,,,,,0.0,0.0,0.0,0.0,0.0,0.0,fresh,fresh,fresh,fresh,fresh,fresh
10.20000000000001,2.479318910228267,0.7117816440896161,200.6407787256459,3.0076965914545286,-1.084257571629086,18.58972100938823,possible,normal,log_only,possible,normal_control,,context_suppressed,0.0,normal,none,True,False,context_stabilization|guidance_context_change,,,,,,0.0,0.0,0.0,0.0,0.0,0.0,fresh,fresh,fresh,fresh,fresh,fresh
10.25000000000001,2.427572270468587,0.7370677661813542,200.64924644486732,2.920004214745366,-1.2158806139017195,17.91247332158261,possible,normal,log_only,possible,normal_control,,context_suppressed,0.0,normal,none,True,False,context_stabilization|guidance_context_change,,,,,,0.0,0.0,0.0,0.0,0.0,0.0,fresh,fresh,fresh,fresh,fresh,fresh
10.300000000000011,2.3741401173676193,0.7626074431028244,200.6575857590194,2.794148320782364,-1.3482860748520107,17.27838332310642,possible,normal,log_only,possible,normal_control,,context_suppressed,0.0,normal,none,True,False,context_stabilization|guidance_context_change,,,,,,0.0,0.0,0.0,0.0,0.0,0.0,fresh,fresh,fresh,fresh,fresh,fresh
10.350000000000012,2.319173371428432,0.7883451264194294,200.66576683616597,2.6303035080034514,-1.479783621764825,16.689207013261,possible,normal,log_only,possible,normal_control,,context_suppressed,0.0,normal,none,True,False,context_stabilization|guidance_context_change,,,,,,0.0,0.0,0.0,0.0,0.0,0.0,fresh,fresh,fresh,fresh,fresh,fresh
10.400000000000013,2.2627784661069574,0.8142358235402419,200.67365890249434,2.4296229810191527,-1.6099402787692099,16.14564433372524,possible,normal,log_only,possible,normal_control,,context_suppressed,0.0,normal,none,True,False,context_stabilization|guidance_context_change,,,,,,0.0,0.0,0.0,0.0,0.0,0.0,fresh,fresh,fresh,fresh,fresh,fresh
10.450000000000014,2.2051142771909378,0.8402676793387813,200.68131413842875,2.1940357758471367,-1.7385159708296936,15.64824357989598,possible,normal,log_only,possible,normal_control,,context_suppressed,0.0,normal,none,True,False,context_stabilization|guidance_context_change,,,,,,0.0,0.0,0.0,0.0,0.0,0.0,fresh,fresh,fresh,fresh,fresh,fresh
10.500000000000014,2.1462667132838527,0.8663851843717003,200.68886790989959,1.925266828372942,-1.8609509657676502,15.197138562587137,possible,normal,log_only,possible,normal_control,,context_suppressed,0.0,normal,none,True,False,context_stabilization|guidance_context_change,,,,,,0.0,0.0,0.0,0.0,0.0,0.0,fresh,fresh,fresh,fresh,fresh,fresh
10.550000000000015,2.086277080954882,0.8925707276043053,200.69638557454493,1.6256298854300826,-1.975640116497785,14.791740353933877,possible,normal,log_only,possible,normal_control,,context_suppressed,0.0,normal,none,True,False,context_stabilization|guidance_context_change,,,,,,0.0,0.0,0.0,0.0,0.0,0.0,fresh,fresh,fresh,fresh,fresh,fresh
10.600000000000016,2.0251995328416106,0.9187787709423266,200.7038443748049,1.2972651121481804,-2.084984108674748,14.431119569529942,possible,normal,log_only,possible,normal_control,,context_suppressed,0.0,normal,none,True,False,context_stabilization|guidance_context_change,,,,,,0.0,0.0,0.0,0.0,0.0,0.0,fresh,fresh,fresh,fresh,fresh,fresh
10.650000000000016,1.9631291849695076,0.9449407984049285,200.71121341239268,0.9422880416438324,-2.1860392227932244,14.114447005575975,possible,normal,log_only,possible,normal_control,,context_suppressed,0.0,normal,none,True,False,context_stabilization|guidance_context_change,,,,,,0.0,0.0,0.0,0.0,0.0,0.0,fresh,fresh,fresh,fresh,fresh,fresh
10.700000000000017,1.9001515329009828,0.9710499397396208,200.71854744247008,0.5638613153986276,-2.2771634082324375,13.840664797348541,possible,normal,log_only,possible,normal_control,,context_suppressed,0.0,normal,none,True,False,context_stabilization|guidance_context_change,,,,,,0.0,0.0,0.0,0.0,0.0,0.0,fresh,fresh,fresh,fresh,fresh,fresh
10.750000000000018,1.8363799050212206,0.9970361139238014,200.7258904823097,0.16435468421792307,-2.3579851439003434,13.607951752000844,possible,normal,log_only,possible,normal_control,,context_suppressed,0.0,normal,none,True,False,context_stabilization|guidance_context_change,,,,,,0.0,0.0,0.0,0.0,0.0,0.0,fresh,fresh,fresh,fresh,fresh,fresh
10.800000000000018,1.771901416782653,1.0228442356484546,200.7333077752713,-0.2533865768102554,-2.428339556227077,13.414107953720674,possible,normal,log_only,possible,normal_control,,context_suppressed,0.0,normal,none,True,False,context_stabilization|guidance_context_change,,,,,,0.0,0.0,0.0,0.0,0.0,0.0,fresh,fresh,fresh,fresh,fresh,fresh
10.85000000000002,1.7067188085449478,1.0484413597880242,200.74071846853104,-0.6859411846416767,-2.4882707112037785,13.25714314000685,possible,normal,log_only,possible,normal_control,,context_suppressed,0.0,normal,none,True,False,context_stabilization|guidance_context_change,,,,,,0.0,0.0,0.0,0.0,0.0,0.0,fresh,fresh,fresh,fresh,fresh,fresh
10.90000000000002,1.6408417346801736,1.0737998108647229,200.74799458406198,-1.1292313003467491,-2.535096540725147,13.134629662699819,possible,normal,log_only,possible,normal_control,,context_suppressed,0.0,normal,none,True,False,context_stabilization|guidance_context_change,,,,,,0.0,0.0,0.0,0.0,0.0,0.0,fresh,fresh,fresh,fresh,fresh,fresh
10.95000000000002,1.5742949161375732,1.0989107691343678,200.75513236488584,-1.5788863351746223,-2.5696672428112617,13.044399230296989,possible,normal,log_only,possible,normal_control,,context_suppressed,0.0,normal,none,True,False,context_stabilization|guidance_context_change,,,,,,0.0,0.0,0.0,0.0,0.0,0.0,fresh,fresh,fresh,fresh,fresh,fresh
11.000000000000021,1.5071713237878166,1.1236821734447522,200.76209329902966,-2.031596376979368,-2.5934538949351054,12.984477547212,log_only,normal,log_only,log_only,normal_control,,context_suppressed,0.0,normal,none,True,False,context_stabilization|guidance_context_change,,,,,,0.0,0.0,0.0,0.0,0.0,0.0,fresh,fresh,fresh,fresh,fresh,fresh
11.050000000000022,1.4399878115489226,1.1482262985958176,200.76886863539895,-2.4825457874969827,-2.6060716533181023,12.951878645034627,log_only,normal,log_only,log_only,normal_control,,context_suppressed,0.0,normal,none,True,False,context_stabilization|guidance_context_change,,,,,,0.0,0.0,0.0,0.0,0.0,0.0,fresh,fresh,fresh,fresh,fresh,fresh
11.100000000000023,1.3731847581635306,1.1726475269324659,200.77547936539992,-2.9268349267682217,-2.6066825371490903,12.9425284259367,log_only,normal,log_only,log_only,normal_control,,context_suppressed,0.0,normal,none,True,False,context_stabilization|guidance_context_change,,,,,,0.0,0.0,0.0,0.0,0.0,0.0,fresh,fresh,fresh,fresh,fresh,fresh
11.150000000000023,1.3067273455492718,1.1969024122469478,200.78199714833997,-3.3602598930168526,-2.593251143746834,12.952359595158816,log_only,normal,log_only,log_only,normal_control,,context_suppressed,0.0,normal,none,True,False,context_stabilization|guidance_context_change,,,,,,0.0,0.0,0.0,0.0,0.0,0.0,fresh,fresh,fresh,fresh,fresh,fresh
11.200000000000024,1.2405469388163584,1.2209585287092939,200.78846393046794,-3.778743277830546,-2.564524073061444,12.97792054610508,log_only,normal,log_only,log_only,normal_control,,context_suppressed,0.0,normal,none,True,False,context_stabilization|guidance_context_change,,,,,,0.0,0.0,0.0,0.0,0.0,0.0,fresh,fresh,fresh,fresh,fresh,fresh
11.250000000000025,1.1745913875857268,1.2447793522540127,200.79483602873452,-4.17840456948102,-2.5227356132160983,13.016230777514462,log_only,normal,log_only,log_only,normal_control,,context_suppressed,0.0,normal,none,True,False,context_stabilization|guidance_context_change,,,,,,0.0,0.0,0.0,0.0,0.0,0.0,fresh,fresh,fresh,fresh,fresh,fresh
11.300000000000026,1.1087915322151012,1.2683963373195732,200.8010482591178,-4.5545771793625835,-2.466945918365754,13.064316762787413,log_only,normal,log_only,log_only,normal_control,,context_suppressed,0.0,normal,none,True,False,context_stabilization|guidance_context_change,,,,,,0.0,0.0,0.0,0.0,0.0,0.0,fresh,fresh,fresh,fresh,fresh,fresh
11.350000000000026,1.0430751894357255,1.2917460208061255,200.8071197207769,-4.9040865875750175,-2.3972082993950616,13.119640040521418,log_only,normal,log_only,log_only,normal_control,,context_suppressed,0.0,normal,none,True,False,context_stabilization|guidance_context_change,,,,,,0.0,0.0,0.0,0.0,0.0,0.0,fresh,fresh,fresh,fresh,fresh,fresh
11.400000000000027,0.9773893884290346,1.3147342897796273,200.81310843987654,-5.224592018628582,-2.3158069328214377,13.180293421567606,log_only,normal,log_only,log_only,normal_control,,context_suppressed,0.0,normal,none,True,False,context_stabilization|guidance_context_change,,,,,,0.0,0.0,0.0,0.0,0.0,0.0,fresh,fresh,fresh,fresh,fresh,fresh
11.450000000000028,0.9117563957752924,1.3373773671575273,200.81913152035577,-5.513126032581118,-2.221596270459142,13.244619795167491,log_only,normal,log_only,log_only,normal_control,,context_suppressed,0.0,normal,none,True,False,context_stabilization|guidance_context_change,,,,,,0.0,0.0,0.0,0.0,0.0,0.0,fresh,fresh,fresh,fresh,fresh,fresh
11.500000000000028,0.8462852280798224,1.3597284521047233,200.8251990908578,-5.767000259552722,-2.1167474961650603,13.311152753846889,possible,normal,log_only,possible,normal_control,,context_suppressed,0.0,normal,none,True,False,context_stabilization|sensor_hypothesis:dvl,,,,,,0.0,0.0,0.0,0.0,0.0,0.0,fresh,fresh,fresh,fresh,fresh,fresh
11.55000000000003,0.7809586008736578,1.3817999654437574,200.8311593860997,-5.9836014836796965,-2.0041317723605707,13.378326512669192,possible,normal,log_only,possible,normal_control,,context_suppressed,0.0,normal,none,True,False,context_stabilization|sensor_hypothesis:dvl,,,,,,0.0,0.0,0.0,0.0,0.0,0.0,fresh,fresh,fresh,fresh,fresh,fresh
11.60000000000003,0.7156634595386596,1.403577954795373,200.8370001899331,-6.160763168045876,-1.8843158972778133,13.444902303576205,possible,normal,log_only,possible,normal_control,,context_suppressed,0.0,normal,none,True,False,context_stabilization|sensor_hypothesis:dvl,,,,,,0.0,0.0,0.0,0.0,0.0,0.0,fresh,fresh,fresh,fresh,fresh,fresh
11.65000000000003,0.6503090860600557,1.4250571507949306,200.84277069828357,-6.296875723053001,-1.7564481923341269,13.50993883902135,possible,normal,log_only,possible,normal_control,,context_suppressed,0.0,normal,none,True,False,context_stabilization|sensor_hypothesis:dvl,,,,,,0.0,0.0,0.0,0.0,0.0,0.0,fresh,fresh,fresh,fresh,fresh,fresh
11.700000000000031,0.5848910235414526,1.4461724665457543,200.84849373334825,-6.39174243772691,-1.6203780053249017,13.572824940671973,possible,normal,log_only,possible,normal_control,,context_suppressed,0.0,normal,none,True,False,context_stabilization|sensor_hypothesis:dvl,,,,,,0.0,0.0,0.0,0.0,0.0,0.0,fresh,fresh,fresh,fresh,fresh,fresh
11.750000000000032,0.5194709263730881,1.4668275510050053,200.8541583328253,-6.44599509119556,-1.4807207870645136,13.633151775342137,possible,normal,log_only,possible,normal_control,,context_suppressed,0.0,normal,none,True,False,context_stabilization|sensor_hypothesis:dvl,,,,,,0.0,0.0,0.0,0.0,0.0,0.0,fresh,fresh,fresh,fresh,fresh,fresh
11.800000000000033,0.45404010664981365,1.4870857751678725,200.8598235360669,-6.45853121209903,-1.3395482172536897,13.69028470865261,possible,normal,log_only,possible,normal_control,,context_suppressed,0.0,normal,none,True,False,context_stabilization|sensor_hypothesis:dvl,,,,,,0.0,0.0,0.0,0.0,0.0,0.0,fresh,fresh,fresh,fresh,fresh,fresh
11.850000000000033,0.3885699767285682,1.5070268953356565,200.86553678869305,-6.428706545596079,-1.1968938181349746,13.74383571138826,possible,normal,log_only,possible,normal_control,,context_suppressed,0.0,normal,none,True,False,context_stabilization|sensor_hypothesis:dvl,,,,,,0.0,0.0,0.0,0.0,0.0,0.0,fresh,fresh,fresh,fresh,fresh,fresh
11.900000000000034,0.3230683319229751,1.526624944657826,200.87134178239214,-6.357705063350846,-1.0533144950849105,13.79353402381625,possible,normal,log_only,possible,normal_control,,context_suppressed,0.0,normal,none,True,False,context_stabilization|sensor_hypothesis:dvl,,,,,,0.0,0.0,0.0,0.0,0.0,0.0,fresh,fresh,fresh,fresh,fresh,fresh
11.950000000000035,0.2575499516614434,1.5458565580160988,200.8771570389843,-6.246969784812715,-0.9118819808866747,13.839269311541678,possible,normal,log_only,possible,normal_control,,context_suppressed,0.0,normal,none,True,False,context_stabilization|sensor_hypothesis:dvl,,,,,,0.0,0.0,0.0,0.0,0.0,0.0,fresh,fresh,fresh,fresh,fresh,fresh
12.000000000000036,0.19200830976569158,1.564717202393472,200.8828587818145,-6.097600551139203,-0.7767628819253043,13.881066885882925,confirmed,normal,confirmed,possible,safe_hold_or_abort,,context_suppressed,0.0,normal,none,True,False,active_direct_sensor_fault|context_stabilization|direct_sensor_fault:imu,,,,,,0.0,0.0,0.0,0.0,0.0,0.0,fresh,fresh,fresh,fresh,fresh,fresh
12.050000000000036,0.1269345657494234,1.5830984682032458,200.88848866663648,-5.914519389276973,-0.6573502662267463,13.961058854928224,confirmed,normal,confirmed,possible,safe_hold_or_abort,,context_suppressed,0.0,normal,none,True,False,active_direct_sensor_fault|context_stabilization|direct_sensor_fault:imu,,,,,,0.0,0.0,0.0,0.0,0.0,0.0,fresh,fresh,fresh,fresh,fresh,fresh
12.100000000000037,0.06283305603802393,1.6009029975019364,200.8940177438427,-5.702276618260861,-0.5605422931694424,14.117626386452237,confirmed,normal,confirmed,possible,safe_hold_or_abort,,context_suppressed,0.0,normal,none,True,False,active_direct_sensor_fault|context_stabilization|direct_sensor_fault:imu,,,,,,0.0,0.0,0.0,0.0,0.0,0.0,fresh,fresh,fresh,fresh,fresh,fresh
12.150000000000038,-0.00031882107129557746,1.6181307808134213,200.89945186902642,-5.4624165828554485,-0.48432610801821907,14.345119668848536,possible,normal,normal,possible,normal_control,,context_suppressed,0.0,normal,none,True,False,context_stabilization|direct_sensor_fault:imu,,,,,,0.0,0.0,0.0,0.0,0.0,0.0,fresh,fresh,fresh,fresh,fresh,fresh
12.200000000000038,-0.0631194593334859,1.634871330061596,200.9047743271557,-5.19373949824588,-0.4195671102681932,14.589064661904274,possible,normal,normal,possible,normal_control,,context_suppressed,0.0,normal,none,True,False,context_stabilization|direct_sensor_fault:imu,,,,,,0.0,0.0,0.0,0.0,0.0,0.0,fresh,fresh,fresh,fresh,fresh,fresh
12.250000000000039,-0.12617492739320627,1.6512040618789587,200.90984512100215,-4.89561468835447,-0.35829221452930593,14.800229906999787,possible,normal,normal,possible,normal_control,,context_suppressed,0.0,normal,none,True,False,context_stabilization|direct_sensor_fault:imu,,,,,,0.0,0.0,0.0,0.0,0.0,0.0,fresh,fresh,fresh,fresh,fresh,fresh
12.30000000000004,-0.1895478735701625,1.6670975363656932,200.9147000839875,-4.571232499676308,-0.30220087486954034,14.981919274613693,possible,normal,normal,possible,normal_control,,context_suppressed,0.0,normal,none,True,False,context_stabilization|direct_sensor_fault:imu,,,,,,0.0,0.0,0.0,0.0,0.0,0.0,fresh,fresh,fresh,fresh,fresh,fresh
12.35000000000004,-0.2531936048441912,1.6826015168238535,200.9194941690438,-4.22371916427279,-0.25071364334529295,15.137119005734398,possible,normal,normal,possible,normal_control,,context_suppressed,0.0,normal,none,True,False,context_stabilization|direct_sensor_fault:imu,,,,,,0.0,0.0,0.0,0.0,0.0,0.0,fresh,fresh,fresh,fresh,fresh,fresh
12.400000000000041,-0.31704727911689734,1.6978159276940012,200.9242069402962,-3.8557717040886716,-0.20227948523904704,15.268364463574885,possible,normal,normal,possible,normal_control,,context_suppressed,0.0,normal,none,True,False,context_stabilization|direct_sensor_fault:imu,,,,,,0.0,0.0,0.0,0.0,0.0,0.0,fresh,fresh,fresh,fresh,fresh,fresh
12.450000000000042,-0.3811436904178771,1.7127569114355248,200.9288896590861,-3.470959287699206,-0.15918014003797196,15.378518345277335,possible,normal,normal,possible,normal_control,,context_suppressed,0.0,normal,none,True,False,context_stabilization|direct_sensor_fault:imu,,,,,,0.0,0.0,0.0,0.0,0.0,0.0,fresh,fresh,fresh,fresh,fresh,fresh
12.500000000000043,-0.44543396274666897,1.7274195714291622,200.93356721838813,-3.07360285937477,-0.12341581379680418,15.469716749317628,possible,normal,normal,possible,normal_control,,context_suppressed,0.0,normal,none,True,False,context_stabilization|direct_sensor_fault:imu,,,,,,0.0,0.0,0.0,0.0,0.0,0.0,fresh,fresh,fresh,fresh,fresh,fresh
12.550000000000043,-0.5098974392784881,1.7417618803429793,200.93814754803054,-2.6681581563944796,-0.09521054706018783,15.543476232339838,possible,normal,normal,possible,normal_control,,context_suppressed,0.0,normal,none,True,False,context_stabilization|direct_sensor_fault:imu,,,,,,0.0,0.0,0.0,0.0,0.0,0.0,fresh,fresh,fresh,fresh,fresh,fresh
12.600000000000044,-0.5745574421943886,1.7557172060593575,200.94259696603626,-2.259122934763125,-0.07690979468580163,15.601188262487312,possible,normal,normal,possible,normal_control,,context_suppressed,0.0,normal,none,True,False,context_stabilization|direct_sensor_fault:imu,,,,,,0.0,0.0,0.0,0.0,0.0,0.0,fresh,fresh,fresh,fresh,fresh,fresh
12.650000000000045,-0.6393839974756848,1.769280649614367,200.94690493627525,-1.850324955092059,-0.07090696629847013,15.643745604782419,possible,normal,normal,possible,normal_control,,context_suppressed,0.0,normal,none,True,False,context_stabilization|direct_sensor_fault:imu,,,,,,0.0,0.0,0.0,0.0,0.0,0.0,fresh,fresh,fresh,fresh,fresh,fresh
12.700000000000045,-0.7043650282535837,1.7824674276727543,200.95099168731113,-1.4451427053715162,-0.07391063124653548,15.67176245373908,possible,normal,normal,possible,normal_control,,context_suppressed,0.0,normal,none,True,False,context_stabilization|direct_sensor_fault:imu,,,,,,0.0,0.0,0.0,0.0,0.0,0.0,fresh,fresh,fresh,fresh,fresh,fresh
12.750000000000046,-0.7694519324692012,1.7953157135037965,200.95487440083073,-1.046603334713752,-0.08396302350811101,15.685924728748343,possible,normal,normal,possible,normal_control,,context_suppressed,0.0,normal,none,True,False,context_stabilization|direct_sensor_fault:imu,,,,,,0.0,0.0,0.0,0.0,0.0,0.0,fresh,fresh,fresh,fresh,fresh,fresh
12.800000000000047,-0.834656808082993,1.8078621797365724,200.95872349866283,-0.6577197944391615,-0.10388845088388704,15.687029421089205,possible,normal,normal,possible,normal_control,,context_suppressed,0.0,normal,none,True,False,context_stabilization|direct_sensor_fault:imu,,,,,,0.0,0.0,0.0,0.0,0.0,0.0,fresh,fresh,fresh,fresh,fresh,fresh
12.850000000000048,-0.9000232675334039,1.8201191950882227,200.96254108135568,-0.2817026289802058,-0.135040023110054,15.67594573023119,possible,normal,normal,possible,normal_control,,context_suppressed,0.0,normal,none,True,False,context_stabilization|direct_sensor_fault:imu,,,,,,0.0,0.0,0.0,0.0,0.0,0.0,fresh,fresh,fresh,fresh,fresh,fresh
12.900000000000048,-0.9655480428442732,1.8320682058465096,200.96624865407873,0.0780274767404091,-0.17622154855800562,15.653278671368753,possible,normal,normal,possible,normal_control,,context_suppressed,0.0,normal,none,True,False,context_stabilization|direct_sensor_fault:imu,,,,,,0.0,0.0,0.0,0.0,0.0,0.0,fresh,fresh,fresh,fresh,fresh,fresh
12.950000000000049,-1.031150582706476,1.8436669478765226,200.96980262185636,0.4178037600853158,-0.22567572757208,15.6191312936216,possible,normal,normal,possible,normal_control,,context_suppressed,0.0,normal,none,True,False,context_stabilization|direct_sensor_fault:imu,,,,,,0.0,0.0,0.0,0.0,0.0,0.0,fresh,fresh,fresh,fresh,fresh,fresh
13.00000000000005,-1.0966525501181283,1.854874546725678,200.97320982422474,0.7339883893943728,-0.2820540146175076,15.573043898833546,confirmed,normal,confirmed,possible,safe_hold_or_abort,,context_suppressed,0.0,normal,none,True,False,active_direct_sensor_fault|context_stabilization|direct_sensor_fault:imu|sensor_hypothesis:imu,,,,,,0.0,0.0,0.0,0.0,0.0,0.0,fresh,fresh,fresh,fresh,fresh,fresh
13.05000000000005,-1.161510124231982,1.865712974756555,200.97652075485013,1.0224985790624925,-0.35035706953032114,15.552016325689292,confirmed,normal,confirmed,possible,safe_hold_or_abort,,context_suppressed,0.0,normal,none,True,False,active_direct_sensor_fault|context_stabilization|direct_sensor_fault:imu|sensor_hypothesis:imu,,,,,,0.0,0.0,0.0,0.0,0.0,0.0,fresh,fresh,fresh,fresh,fresh,fresh
13.100000000000051,-1.2252617241489439,1.876214039642715,200.9797555657714,1.2798442133593766,-0.4357923803583409,15.590342619126243,confirmed,normal,confirmed,possible,safe_hold_or_abort,,context_suppressed,0.0,normal,none,True,False,active_direct_sensor_fault|context_stabilization|direct_sensor_fault:imu|sensor_hypothesis:imu,,,,,,0.0,0.0,0.0,0.0,0.0,0.0,fresh,fresh,fresh,fresh,fresh,fresh
13.150000000000052,-1.2879043244628594,1.8863665655648583,200.98291201194976,1.5039968334385048,-0.5372047076041956,15.682995239296774,possible,normal,possible,possible,normal_control,,context_suppressed,0.0,normal,none,True,False,context_stabilization|direct_sensor_fault:imu|sensor_hypothesis:imu,,,,,,0.0,0.0,0.0,0.0,0.0,0.0,fresh,fresh,fresh,fresh,fresh,fresh
13.200000000000053,-1.3497736360387447,1.8962677602170197,200.98608411799012,1.6961496941676737,-0.6466803410678852,15.781654339379344,possible,normal,possible,possible,normal_control,,context_suppressed,0.0,normal,none,True,False,context_stabilization|direct_sensor_fault:imu|sensor_hypothesis:imu,,,,,,0.0,0.0,0.0,0.0,0.0,0.0,fresh,fresh,fresh,fresh,fresh,fresh
13.250000000000053,-1.4111578349111422,1.9059452369776544,200.98936276962687,1.8566942658346621,-0.7566876785820806,15.842113630039888,possible,normal,possible,possible,normal_control,,context_suppressed,0.0,normal,none,True,False,context_stabilization|direct_sensor_fault:imu|sensor_hypothesis:imu,,,,,,0.0,0.0,0.0,0.0,0.0,0.0,fresh,fresh,fresh,fresh,fresh,fresh
13.300000000000054,-1.4719762084059946,1.9153666808009522,200.99264271919677,1.9839653814400828,-0.8669851380925389,15.865766770423333,possible,normal,possible,possible,normal_control,,context_suppressed,0.0,normal,none,True,False,context_stabilization|direct_sensor_fault:imu|sensor_hypothesis:imu,,,,,,0.0,0.0,0.0,0.0,0.0,0.0,fresh,fresh,fresh,fresh,fresh,fresh
13.350000000000055,-1.5321349197153518,1.9245601996881236,200.99577535501209,2.077566151228106,-0.9769690215466107,15.853555012419607,possible,normal,possible,possible,normal_control,,context_suppressed,0.0,normal,none,True,False,context_stabilization|direct_sensor_fault:imu|sensor_hypothesis:imu,,,,,,0.0,0.0,0.0,0.0,0.0,0.0,fresh,fresh,fresh,fresh,fresh,fresh
13.400000000000055,-1.5915829285880574,1.9335016734242847,200.99875024329447,2.137174607248824,-1.0824230754563917,15.806264164603935,possible,normal,possible,possible,normal_control,,context_suppressed,0.0,normal,none,True,False,context_stabilization|direct_sensor_fault:imu|sensor_hypothesis:imu,,,,,,0.0,0.0,0.0,0.0,0.0,0.0,fresh,fresh,fresh,fresh,fresh,fresh
13.450000000000056,-1.6503285255025346,1.942217825605851,201.00157050622232,2.1635978514338263,-1.1811901417696242,15.724407105696367,possible,normal,possible,possible,normal_control,,context_suppressed,0.0,normal,none,True,False,context_stabilization|direct_sensor_fault:imu|sensor_hypothesis:imu,,,,,,0.0,0.0,0.0,0.0,0.0,0.0,fresh,fresh,fresh,fresh,fresh,fresh
13.500000000000057,-1.7083006525108433,1.9507306694513735,201.00426259131143,2.157665272843304,-1.2727353956399874,15.608342279657139,possible,normal,possible,possible,normal_control,,context_suppressed,0.0,normal,none,True,False,context_stabilization|direct_sensor_fault:imu|sensor_hypothesis:imu,,,,,,0.0,0.0,0.0,0.0,0.0,0.0,fresh,fresh,fresh,fresh,fresh,fresh
13.550000000000058,-1.7653861322482658,1.9590281052082525,201.0068858188364,2.1198919970322883,-1.3589647794165942,15.457933402137238,possible,normal,possible,possible,normal_control,,context_suppressed,0.0,normal,none,True,False,context_stabilization|direct_sensor_fault:imu|sensor_hypothesis:imu,,,,,,0.0,0.0,0.0,0.0,0.0,0.0,fresh,fresh,fresh,fresh,fresh,fresh
13.600000000000058,-1.8215601303005893,1.9671328476196255,201.0093659200971,2.051814050558475,-1.4379454688575013,15.273044945080608,possible,normal,possible,possible,normal_control,,context_suppressed,0.0,normal,none,True,False,context_stabilization|direct_sensor_fault:imu|sensor_hypothesis:imu,,,,,,0.0,0.0,0.0,0.0,0.0,0.0,fresh,fresh,fresh,fresh,fresh,fresh
13.650000000000059,-1.8768712504969634,1.9750567416409581,201.01170075156023,1.955478625886736,-1.5059442992459042,15.05378684897968,possible,normal,possible,possible,normal_control,,context_suppressed,0.0,normal,none,True,False,context_stabilization|direct_sensor_fault:imu|sensor_hypothesis:imu,,,,,,0.0,0.0,0.0,0.0,0.0,0.0,fresh,fresh,fresh,fresh,fresh,fresh
13.70000000000006,-1.9313053983458068,1.982800608200602,201.0139540466862,1.832791361652639,-1.5638152499937796,14.800259467748015,possible,normal,possible,possible,normal_control,,context_suppressed,0.0,normal,none,True,False,context_stabilization|direct_sensor_fault:imu|sensor_hypothesis:imu,,,,,,0.0,0.0,0.0,0.0,0.0,0.0,fresh,fresh,fresh,fresh,fresh,fresh
13.75000000000006,-1.9847512906110674,1.9903627464475753,201.01610523640335,1.6855028027078665,-1.6117589938058472,14.512415085087142,possible,normal,possible,possible,normal_control,,context_suppressed,0.0,normal,none,True,False,context_stabilization|direct_sensor_fault:imu|sensor_hypothesis:imu,,,,,,0.0,0.0,0.0,0.0,0.0,0.0,fresh,fresh,fresh,fresh,fresh,fresh
13.800000000000061,-2.0371711514067243,1.9977587519592976,201.01803802042193,1.5161134972815555,-1.6487832846292578,14.189905537814242,possible,normal,possible,possible,normal_control,,context_suppressed,0.0,normal,none,True,False,context_stabilization|direct_sensor_fault:imu|sensor_hypothesis:imu,,,,,,0.0,0.0,0.0,0.0,0.0,0.0,fresh,fresh,fresh,fresh,fresh,fresh
13.850000000000062,-2.0885805658764887,2.0049985750300263,201.01985990112118,1.3275380817277402,-1.6723111928519294,13.8325440801925,possible,normal,possible,possible,normal_control,,context_suppressed,0.0,normal,none,True,False,context_stabilization|direct_sensor_fault:imu|sensor_hypothesis:imu,,,,,,0.0,0.0,0.0,0.0,0.0,0.0,fresh,fresh,fresh,fresh,fresh,fresh
13.900000000000063,-2.1389822273258106,2.0120633789941382,201.02170216452404,1.122172813545821,-1.6827971880141002,13.440269986386856,possible,normal,possible,possible,normal_control,,context_suppressed,0.0,normal,none,True,False,context_stabilization|direct_sensor_fault:imu|sensor_hypothesis:imu,,,,,,0.0,0.0,0.0,0.0,0.0,0.0,fresh,fresh,fresh,fresh,fresh,fresh
13.950000000000063,-2.18832818005252,2.0189604694497563,201.02344781629697,0.9026988286497983,-1.6826547931945355,13.012894035843129,possible,normal,possible,possible,normal_control,,context_suppressed,0.0,normal,none,True,False,context_stabilization|direct_sensor_fault:imu|sensor_hypothesis:imu,,,,,,0.0,0.0,0.0,0.0,0.0,0.0,fresh,fresh,fresh,fresh,fresh,fresh
14.000000000000064,-2.2365815523139023,2.025763727747143,201.02507327869435,0.6728788136467639,-1.6729331326443455,12.5503175548921,confirmed,normal,confirmed,possible,safe_hold_or_abort,,context_suppressed,0.0,normal,none,True,False,active_direct_sensor_fault|context_stabilization|direct_sensor_fault:imu,,,,,,0.0,0.0,0.0,0.0,0.0,0.0,fresh,fresh,fresh,fresh,fresh,fresh
14.050000000000065,-2.2838064242289366,2.0324843359463833,201.02662000091084,0.4352850953523035,-1.6591483747218463,12.076802136939367,confirmed,normal,confirmed,possible,safe_hold_or_abort,,context_suppressed,0.0,normal,none,True,False,active_direct_sensor_fault|context_stabilization|direct_sensor_fault:imu,,,,,,0.0,0.0,0.0,0.0,0.0,0.0,fresh,fresh,fresh,fresh,fresh,fresh
14.100000000000065,-2.3300635511381254,2.0390807231510277,201.02809784575555,0.19193625302468767,-1.6473312499417117,11.614737524761875,confirmed,normal,confirmed,possible,safe_hold_or_abort,,context_suppressed,0.0,normal,none,True,False,active_direct_sensor_fault|context_stabilization|direct_sensor_fault:imu,,,,,,0.0,0.0,0.0,0.0,0.0,0.0,fresh,fresh,fresh,fresh,fresh,fresh
14.150000000000066,-2.375365208807497,2.0455710264344225,201.02950744824608,-0.05381417962298751,-1.637153813837791,11.161229516683052,possible,normal,possible,possible,normal_control,,context_suppressed,0.0,normal,none,True,False,context_stabilization|direct_sensor_fault:imu,,,,,,0.0,0.0,0.0,0.0,0.0,0.0,fresh,fresh,fresh,fresh,fresh,fresh
14.200000000000067,-2.419677872802296,2.052001626958777,201.03090731549756,-0.2977732656194807,-1.6202801053740563,10.688427226643864,possible,normal,possible,possible,normal_control,,context_suppressed,0.0,normal,none,True,False,context_stabilization|direct_sensor_fault:imu,,,,,,0.0,0.0,0.0,0.0,0.0,0.0,fresh,fresh,fresh,fresh,fresh,fresh
14.250000000000068,-2.4629405012604644,2.058341000256278,201.03227056898058,-0.5370876363838746,-1.5877459047332052,10.170751759286954,possible,normal,possible,possible,normal_control,,context_suppressed,0.0,normal,none,True,False,context_stabilization|direct_sensor_fault:imu,,,,,,0.0,0.0,0.0,0.0,0.0,0.0,fresh,fresh,fresh,fresh,fresh,fresh
14.300000000000068,-2.505130704942413,2.0644873065748506,201.03355528920696,-0.7704875976058914,-1.539186960173114,9.609267536188746,possible,normal,possible,possible,normal_control,,context_suppressed,0.0,normal,none,True,False,context_stabilization|direct_sensor_fault:imu,,,,,,0.0,0.0,0.0,0.0,0.0,0.0,fresh,fresh,fresh,fresh,fresh,fresh
14.350000000000069,-2.546251082051088,2.070439848132236,201.03477457859714,-0.9954980315340669,-1.4785473778808467,9.005066380987145,possible,normal,possible,possible,normal_control,,context_suppressed,0.0,normal,none,True,False,context_stabilization|direct_sensor_fault:imu,,,,,,0.0,0.0,0.0,0.0,0.0,0.0,fresh,fresh,fresh,fresh,fresh,fresh
14.40000000000007,-2.586274616818459,2.076247292042008,201.0359215944794,-1.2092154049968524,-1.4061988364146263,8.359287190690855,possible,normal,possible,possible,normal_control,,context_suppressed,0.0,normal,none,True,False,context_stabilization|direct_sensor_fault:imu,,,,,,0.0,0.0,0.0,0.0,0.0,0.0,fresh,fresh,fresh,fresh,fresh,fresh
14.45000000000007,-2.625222112328852,2.0819213221634607,201.03710793292402,-1.4093979519259285,-1.3208746244441087,7.67283869100035,possible,normal,possible,possible,normal_control,,context_suppressed,0.0,normal,none,True,False,context_stabilization|direct_sensor_fault:imu,,,,,,0.0,0.0,0.0,0.0,0.0,0.0,fresh,fresh,fresh,fresh,fresh,fresh
14.500000000000071,-2.6631167284643924,2.0874430806654027,201.03832460916277,-1.5944039864319812,-1.2270715766388924,6.946801297586441,possible,normal,possible,possible,normal_control,,context_suppressed,0.0,normal,none,True,False,context_stabilization|direct_sensor_fault:imu,,,,,,0.0,0.0,0.0,0.0,0.0,0.0,fresh,fresh,fresh,fresh,fresh,fresh
14.550000000000072,-2.6999316465995054,2.0928014382637588,201.03949166304267,-1.7626581862110693,-1.1260910781013542,6.182399733151913,possible,normal,possible,possible,normal_control,,context_suppressed,0.0,normal,none,True,False,context_stabilization|direct_sensor_fault:imu,,,,,,0.0,0.0,0.0,0.0,0.0,0.0,fresh,fresh,fresh,fresh,fresh,fresh
14.600000000000072,-2.7356939719046935,2.098062317010537,201.04062048925226,-1.911791455238482,-1.018142484296755,5.380710676114116,possible,normal,possible,possible,normal_control,,context_suppressed,0.0,normal,none,True,False,context_stabilization|direct_sensor_fault:imu,,,,,,0.0,0.0,0.0,0.0,0.0,0.0,fresh,fresh,fresh,fresh,fresh,fresh
14.650000000000073,-2.770390198266024,2.103303040146109,201.04172573212387,-2.0396058912917274,-0.9070166972254964,4.543070761947577,possible,normal,possible,possible,normal_control,,context_suppressed,0.0,normal,none,True,False,context_stabilization|direct_sensor_fault:imu,,,,,,0.0,0.0,0.0,0.0,0.0,0.0,fresh,fresh,fresh,fresh,fresh,fresh
14.700000000000074,-2.8040370552178677,2.1085171622501644,201.04280377206294,-2.1451641960186087,-0.7949204526346855,3.6710123027113952,possible,normal,possible,possible,normal_control,,context_suppressed,0.0,normal,none,True,False,context_stabilization|direct_sensor_fault:imu,,,,,,0.0,0.0,0.0,0.0,0.0,0.0,fresh,fresh,fresh,fresh,fresh,fresh
14.750000000000075,-2.83673168878681,2.1136490552961513,201.04384252057267,-2.228312499403799,-0.6810486073380168,2.7660857591380785,possible,normal,possible,possible,normal_control,,context_suppressed,0.0,normal,none,True,False,context_stabilization|direct_sensor_fault:imu,,,,,,0.0,0.0,0.0,0.0,0.0,0.0,fresh,fresh,fresh,fresh,fresh,fresh
14.800000000000075,-2.8684528225448926,2.1186888949217564,201.04493456238808,-2.288719385447372,-0.5683472493431988,1.8297083026428702,possible,normal,possible,possible,normal_control,,context_suppressed,0.0,normal,none,True,False,context_stabilization|direct_sensor_fault:imu,,,,,,0.0,0.0,0.0,0.0,0.0,0.0,fresh,fresh,fresh,fresh,fresh,fresh
14.850000000000076,-2.8992031309202337,2.1236286015585697,201.04605994054532,-2.3261726992962184,-0.4608575622862481,0.8631659145515183,possible,normal,possible,possible,normal_control,,context_suppressed,0.0,normal,none,True,False,context_stabilization|direct_sensor_fault:imu,,,,,,0.0,0.0,0.0,0.0,0.0,0.0,fresh,fresh,fresh,fresh,fresh,fresh
14.900000000000077,-2.92899816243361,2.1284055814677414,201.04708804477954,-2.341231345884959,-0.35915785705044767,-0.13232083776926026,possible,normal,possible,possible,normal_control,,context_suppressed,0.0,normal,none,True,False,context_stabilization|direct_sensor_fault:imu,,,,,,0.0,0.0,0.0,0.0,0.0,0.0,fresh,fresh,fresh,fresh,fresh,fresh
14.950000000000077,-2.957844505434172,2.133048517858357,201.04801268053222,-2.333568677855264,-0.26378302114461705,-1.1557402656295777,possible,normal,possible,normal,normal_control,,context_suppressed,0.0,normal,none,True,False,context_stabilization|direct_sensor_fault:imu,,,,,,0.0,0.0,0.0,0.0,0.0,0.0,fresh,fresh,fresh,fresh,fresh,fresh
15.000000000000078,-2.985793583924912,2.137599870044267,201.048887508848,-2.3029716166241974,-0.1768140958668318,-2.205819113199881,possible,normal,possible,normal,normal_control,,context_suppressed,0.0,normal,none,True,False,context_stabilization|direct_sensor_fault:imu,,,,,,0.0,0.0,0.0,0.0,0.0,0.0,fresh,fresh,fresh,fresh,fresh,fresh
15.050000000000079,-3.0124978501935327,2.140576008159514,201.05030409319028,-2.2688446068304757,-0.10502365431187005,-3.2145796642774553,possible,normal,possible,normal,normal_control,,context_suppressed,0.0,normal,none,True,False,context_stabilization|guidance_context_change,,,,,,0.0,0.0,0.0,0.0,0.0,0.0,fresh,fresh,fresh,fresh,fresh,fresh
15.10000000000008,-3.0375801443130546,2.1405783419992,201.05279950750935,-2.248296601986627,-0.05303267691331854,-4.1211650920682175,possible,normal,possible,normal,normal_control,,context_suppressed,0.0,normal,none,True,False,context_stabilization|guidance_context_change,,,,,,0.0,0.0,0.0,0.0,0.0,0.0,fresh,fresh,fresh,fresh,fresh,fresh
15.15000000000008,-3.0609059747654572,2.1377755777424516,201.05630055924445,-2.237550001497598,-0.019169956227482295,-4.9341254535828325,possible,normal,possible,normal,normal_control,,context_suppressed,0.0,normal,none,True,False,context_stabilization|guidance_context_change,,,,,,0.0,0.0,0.0,0.0,0.0,0.0,fresh,fresh,fresh,fresh,fresh,fresh
15.200000000000081,-3.082279250605257,2.132372620381054,201.06073117135793,-2.23212485902266,-0.004964927084915087,-5.659334777472837,possible,normal,possible,normal,normal_control,,context_suppressed,0.0,normal,none,True,False,context_stabilization|guidance_context_change,,,,,,0.0,0.0,0.0,0.0,0.0,0.0,fresh,fresh,fresh,fresh,fresh,fresh
15.250000000000082,-3.1016325194885814,2.124486364097524,201.0660045832059,-2.228686493944107,-0.01088514548588122,-6.302497300496103,possible,normal,possible,normal,normal_control,,context_suppressed,0.0,normal,none,True,False,context_stabilization|guidance_context_change,,,,,,0.0,0.0,0.0,0.0,0.0,0.0,fresh,fresh,fresh,fresh,fresh,fresh
15.300000000000082,-3.118986717831315,2.1141781883172586,201.07207753496704,-2.224732120714554,-0.03624753646999925,-6.86834040124394,possible,normal,possible,normal,normal_control,,context_suppressed,0.0,normal,none,True,False,context_stabilization|guidance_context_change,,,,,,0.0,0.0,0.0,0.0,0.0,0.0,fresh,fresh,fresh,fresh,fresh,fresh
15.350000000000083,-3.134294998694249,2.1015528444457834,201.07892795238226,-2.2171382488024083,-0.07927958335641806,-7.360067912613705,possible,normal,possible,normal,log_only,,context_suppressed,0.0,normal,none,True,False,active_esc_telemetry_fault|context_stabilization|esc_telemetry_fault:V2,V2,,,,,0.0,0.0,0.0,0.0,0.0,0.0,fresh,fresh,fresh,fresh,fresh,invalid
15.400000000000084,-3.147546572582665,2.086691285210088,201.0864786157711,-2.2032631071912205,-0.13432377829108225,-7.7807259838022444,possible,normal,possible,normal,log_only,,context_suppressed,0.0,normal,none,True,False,active_esc_telemetry_fault|context_stabilization|esc_telemetry_fault:V2,V2,,,,,0.0,0.0,0.0,0.0,0.0,0.0,fresh,fresh,fresh,fresh,fresh,invalid
15.450000000000085,-3.1587667386997103,2.069650813869607,201.09462217426625,-2.1810039264941734,-0.19846781702135324,-8.132465155140293,possible,normal,possible,normal,log_only,,context_suppressed,0.0,normal,none,True,False,active_esc_telemetry_fault|context_stabilization|esc_telemetry_fault:V2,V2,,,,,0.0,0.0,0.0,0.0,0.0,0.0,fresh,fresh,fresh,fresh,fresh,invalid
15.500000000000085,-3.1679768148145384,2.050493389431472,201.10329581841262,-2.1484620779047883,-0.2668243026825746,-8.417689252503864,possible,normal,possible,normal,log_only,,context_suppressed,0.0,normal,none,True,False,active_esc_telemetry_fault|context_stabilization|esc_telemetry_fault:V2,V2,,,,,0.0,0.0,0.0,0.0,0.0,0.0,fresh,fresh,fresh,fresh,fresh,invalid
15.550000000000086,-3.175149610345171,2.0293098316574074,201.11247373992302,-2.1035075984321345,-0.3347749671536056,-8.637930386955272,possible,normal,possible,normal,log_only,,context_suppressed,0.0,normal,none,True,False,active_esc_telemetry_fault|context_stabilization|esc_telemetry_fault:V2,V2,,,,,0.0,0.0,0.0,0.0,0.0,0.0,fresh,fresh,fresh,fresh,fresh,invalid
15.600000000000087,-3.1802796163960445,2.0061760361543404,201.12211298663385,-2.0444838398820417,-0.401476642861335,-8.793775953253146,possible,normal,possible,normal,log_only,,context_suppressed,0.0,normal,none,True,False,active_esc_telemetry_fault|context_stabilization|esc_telemetry_fault:V2,V2,,,,,0.0,0.0,0.0,0.0,0.0,0.0,fresh,fresh,fresh,fresh,fresh,invalid
15.650000000000087,-3.1833988241533797,1.9811482895272532,201.13220734253238,-1.9702583459441299,-0.4638516398573005,-8.886221787527543,possible,normal,possible,normal,log_only,,context_suppressed,0.0,normal,none,True,False,active_esc_telemetry_fault|context_stabilization|esc_telemetry_fault:V2,V2,,,,,0.0,0.0,0.0,0.0,0.0,0.0,fresh,fresh,fresh,fresh,fresh,invalid
15.700000000000088,-3.1844989265706345,1.9543054779675535,201.14271356240573,-1.8795258749635255,-0.5166622633341864,-8.9157563599,possible,normal,possible,normal,log_only,,context_suppressed,0.0,normal,none,True,False,active_esc_telemetry_fault|context_stabilization|esc_telemetry_fault:V2,V2,,,,,0.0,0.0,0.0,0.0,0.0,0.0,fresh,fresh,fresh,fresh,fresh,invalid
15.750000000000089,-3.1836189005369464,1.9257003867467213,201.15356026428958,-1.771670748025933,-0.556346156589516,-8.883671085905362,possible,normal,possible,normal,log_only,,context_suppressed,0.0,normal,none,True,False,active_esc_telemetry_fault|context_stabilization|esc_telemetry_fault:V2,V2,,,,,0.0,0.0,0.0,0.0,0.0,0.0,fresh,fresh,fresh,fresh,fresh,invalid
15.80000000000009,-3.180833693946462,1.8953704981292478,201.164759079865,-1.6465554417898416,-0.5810325665514268,-8.791361466223238,possible,normal,possible,normal,log_only,,context_suppressed,0.0,normal,none,True,False,active_esc_telemetry_fault|context_stabilization|esc_telemetry_fault:V2,V2,,,,,0.0,0.0,0.0,0.0,0.0,0.0,fresh,fresh,fresh,fresh,fresh,invalid
15.85000000000009,-3.17615457860661,1.8633892936533625,201.17627357976883,-1.5035385672614687,-0.5904576431287883,-8.639547501132553,possible,normal,possible,normal,log_only,,context_suppressed,0.0,normal,none,True,False,active_esc_telemetry_fault|context_stabilization|esc_telemetry_fault:V2,V2,,,,,0.0,0.0,0.0,0.0,0.0,0.0,fresh,fresh,fresh,fresh,fresh,invalid
15.900000000000091,-3.169649943043622,1.8297986551024763,201.18807687179032,-1.3427533520194836,-0.5861267999845664,-8.429096911366736,possible,normal,possible,normal,log_only,,context_suppressed,0.0,normal,none,True,False,active_esc_telemetry_fault|context_stabilization|esc_telemetry_fault:V2,V2,,,,,0.0,0.0,0.0,0.0,0.0,0.0,fresh,fresh,fresh,fresh,fresh,invalid
15.950000000000092,-3.16139569995967,1.794641407310513,201.2002354006158,-1.1643358121668228,-0.5689474724279143,-8.161301964551765,possible,normal,possible,normal,log_only,,context_suppressed,0.0,normal,none,True,False,active_esc_telemetry_fault|context_stabilization|esc_telemetry_fault:V2,V2,,,,,0.0,0.0,0.0,0.0,0.0,0.0,fresh,fresh,fresh,fresh,fresh,invalid
16.000000000000092,-3.15142837142751,1.7579800299141382,201.2126739003102,-0.9681192639912354,-0.5360657336651699,-7.837997711944194,possible,normal,possible,normal,log_only,,context_suppressed,0.0,normal,none,True,False,active_esc_telemetry_fault|context_stabilization|esc_telemetry_fault:V2,V2,,,,,0.0,0.0,0.0,0.0,0.0,0.0,fresh,fresh,fresh,fresh,fresh,invalid
16.050000000000093,-3.1397753018094408,1.7198839878862717,201.22533699358175,-0.7541331829123282,-0.4859805381364026,-7.460100038024706,possible,normal,possible,normal,log_only,,context_suppressed,0.0,normal,none,True,False,active_esc_telemetry_fault|context_stabilization|esc_telemetry_fault:V2,V2,,,,,0.0,0.0,0.0,0.0,0.0,0.0,fresh,fresh,fresh,fresh,fresh,invalid
16.100000000000094,-3.1264700588179455,1.6804197346376861,201.23823846221464,-0.5225212466702764,-0.4206318851010563,-7.029587482336822,possible,normal,possible,normal,log_only,,context_suppressed,0.0,normal,none,True,False,active_esc_telemetry_fault|context_stabilization|esc_telemetry_fault:V2,V2,,,,,0.0,0.0,0.0,0.0,0.0,0.0,fresh,fresh,fresh,fresh,fresh,invalid
16.150000000000095,-3.111612274737472,1.6396133351904834,201.2513103213581,-0.27414293521334726,-0.34125822648196835,-6.5487595567446295,possible,normal,possible,normal,log_only,,context_suppressed,0.0,normal,none,True,False,active_esc_telemetry_fault|context_stabilization|esc_telemetry_fault:V2,V2,,,,,0.0,0.0,0.0,0.0,0.0,0.0,fresh,fresh,fresh,fresh,fresh,invalid
16.200000000000095,-3.0952381747287756,1.5975298068964334,201.26456235863213,-0.009409940808547821,-0.24980095617471354,-6.019501037776465,possible,normal,possible,normal,log_only,,context_suppressed,0.0,normal,none,True,False,active_esc_telemetry_fault|context_stabilization|esc_telemetry_fault:V2,V2,,,,,0.0,0.0,0.0,0.0,0.0,0.0,fresh,fresh,fresh,fresh,fresh,invalid
16.250000000000096,-3.0773593686755634,1.5542487061078571,201.27802163137815,0.27153140275081583,-0.1477416137278977,-5.4443452007993,possible,normal,possible,normal,log_only,,context_suppressed,0.0,normal,none,True,False,active_esc_telemetry_fault|context_stabilization|esc_telemetry_fault:V2,V2,,,,,0.0,0.0,0.0,0.0,0.0,0.0,fresh,fresh,fresh,fresh,fresh,invalid
16.300000000000097,-3.058045299571797,1.5098521429579534,201.29167820662911,0.5684243821945644,-0.03589274279090009,-4.826302630815283,possible,normal,possible,normal,log_only,,context_suppressed,0.0,normal,none,True,False,active_esc_telemetry_fault|context_stabilization|esc_telemetry_fault:V2,V2,,,,,0.0,0.0,0.0,0.0,0.0,0.0,fresh,fresh,fresh,fresh,fresh,invalid
16.350000000000097,-3.0374216697890697,1.46441683480861,201.30550115766655,0.8808146026899966,0.08384948665983337,-4.1682398016490305,possible,normal,possible,normal,log_only,,context_suppressed,0.0,normal,none,True,False,active_esc_telemetry_fault|context_stabilization|esc_telemetry_fault:V2,V2,,,,,0.0,0.0,0.0,0.0,0.0,0.0,fresh,fresh,fresh,fresh,fresh,invalid
16.400000000000098,-3.0156243502214712,1.4180111659283006,201.3193967679152,1.207912367816793,0.2107191955498206,-3.473104987619536,possible,normal,possible,normal,normal_control,,context_suppressed,0.0,normal,none,True,False,context_stabilization|esc_telemetry_recovered:V2,,,,,,0.0,0.0,0.0,0.0,0.0,0.0,fresh,fresh,fresh,fresh,fresh,fresh
16.4500000000001,-2.9927896040150856,1.370762022930598,201.33330924341374,1.549404525347267,0.34356700039886234,-2.744931746891336,possible,normal,possible,normal,normal_control,,context_suppressed,0.0,normal,none,True,False,context_stabilization|esc_telemetry_recovered:V2,,,,,,0.0,0.0,0.0,0.0,0.0,0.0,fresh,fresh,fresh,fresh,fresh,fresh
16.5000000000001,-2.9690275572193596,1.3228549346684622,201.3472360190382,1.9055171442603271,0.47952600568268233,-1.9879221715231181,possible,normal,possible,normal,normal_control,,context_suppressed,0.0,normal,none,True,False,context_stabilization|esc_telemetry_recovered:V2,,,,,,0.0,0.0,0.0,0.0,0.0,0.0,fresh,fresh,fresh,fresh,fresh,fresh
16.5500000000001,-2.9443986073550943,1.274505633290259,201.36120173706846,2.276656081196887,0.6155020650632862,-1.2067976495448767,possible,normal,possible,normal,normal_control,,context_suppressed,0.0,normal,none,True,False,context_stabilization|esc_telemetry_recovered:V2,,,,,,0.0,0.0,0.0,0.0,0.0,0.0,fresh,fresh,fresh,fresh,fresh,fresh
16.6000000000001,-2.919006853911697,1.225871470740322,201.37525076387251,2.6622785030820864,0.749573156132879,-0.40686959103375364,possible,normal,possible,normal,normal_control,,context_suppressed,0.0,normal,none,True,False,context_stabilization|esc_telemetry_recovered:V2,,,,,,0.0,0.0,0.0,0.0,0.0,0.0,fresh,fresh,fresh,fresh,fresh,fresh
16.6500000000001,-2.8930117583058066,1.177061560167302,201.3894275249917,3.0611747129905083,0.8798698786382613,0.40661432399159886,possible,normal,possible,normal,normal_control,,context_suppressed,0.0,normal,none,True,False,context_stabilization|esc_telemetry_recovered:V2,,,,,,0.0,0.0,0.0,0.0,0.0,0.0,fresh,fresh,fresh,fresh,fresh,fresh
16.700000000000102,-2.866574794098567,1.1281823945490899,201.40374613871285,3.4719764873583574,1.0059834678553685,1.227040287305376,possible,normal,possible,normal,normal_control,,context_suppressed,0.0,normal,none,True,False,context_stabilization|esc_telemetry_recovered:V2,,,,,,0.0,0.0,0.0,0.0,0.0,0.0,fresh,fresh,fresh,fresh,fresh,fresh
16.750000000000103,-2.839792550935478,1.0793606224291301,201.41817079938093,3.893300286423092,1.1248914778725656,2.0474238422027287,possible,normal,possible,normal,normal_control,,context_suppressed,0.0,normal,none,True,False,context_stabilization|esc_telemetry_recovered:V2,,,,,,0.0,0.0,0.0,0.0,0.0,0.0,fresh,fresh,fresh,fresh,fresh,fresh
16.800000000000104,-2.812732701989647,1.0306927917131734,201.43272486485458,4.323054499466776,1.2318670324164471,2.86187737442472,possible,normal,possible,normal,normal_control,,context_suppressed,0.0,normal,none,True,False,context_stabilization|esc_telemetry_recovered:V2,,,,,,0.0,0.0,0.0,0.0,0.0,0.0,fresh,fresh,fresh,fresh,fresh,fresh
16.850000000000104,-2.785500020544601,0.9822635352005571,201.44738387409708,4.7588937926799915,1.3273557923911774,3.6644536457949584,possible,normal,possible,normal,normal_control,,context_suppressed,0.0,normal,none,True,False,context_stabilization|esc_telemetry_recovered:V2,,,,,,0.0,0.0,0.0,0.0,0.0,0.0,fresh,fresh,fresh,fresh,fresh,fresh
16.900000000000105,-2.7580705172265696,0.9341945726755492,201.4620781307162,5.198370194650915,1.411640193699583,4.450038118463796,possible,normal,possible,normal,normal_control,,context_suppressed,0.0,normal,none,True,False,context_stabilization|esc_telemetry_recovered:V2,,,,,,0.0,0.0,0.0,0.0,0.0,0.0,fresh,fresh,fresh,fresh,fresh,fresh
16.950000000000106,-2.730498686107915,0.8865082649099923,201.47685841841331,5.637824307954478,1.483132954501317,5.213347054562168,possible,normal,possible,normal,normal_control,,context_suppressed,0.0,normal,none,True,False,context_stabilization|esc_telemetry_recovered:V2,,,,,,0.0,0.0,0.0,0.0,0.0,0.0,fresh,fresh,fresh,fresh,fresh,fresh
17.000000000000107,-2.7030034828280485,0.839257624400651,201.49172452094246,6.074207364208423,1.541420984439858,5.949296035748742,possible,normal,possible,normal,normal_control,,context_suppressed,0.0,normal,none,True,False,context_stabilization|esc_telemetry_recovered:V2,,,,,,0.0,0.0,0.0,0.0,0.0,0.0,fresh,fresh,fresh,fresh,fresh,fresh
17.050000000000107,-2.675650859656621,0.7925350779471579,201.50638444066539,6.50417750061442,1.6229937793474394,6.657452466659762,possible,normal,possible,normal,log_only,,context_suppressed,0.0,normal,none,True,False,context_stabilization|esc_telemetry_recovered:V2,,,,,,0.0,0.0,0.0,0.0,0.97,0.0,fresh,fresh,fresh,fresh,fresh,fresh
17.100000000000108,-2.6483594375733577,0.746377779340219,201.5206398351217,6.923354244027556,1.7699877067185028,7.338723407027167,possible,normal,possible,normal,log_only,,context_suppressed,0.0,normal,none,True,False,context_stabilization|esc_telemetry_recovered:V2,,,,,,0.0,0.0,0.0,0.0,0.97,0.0,fresh,fresh,fresh,fresh,fresh,fresh
17.15000000000011,-2.6211559911925217,0.7008931645679528,201.53450958790165,7.3287653208374515,1.9810250952408084,7.990575296073103,possible,normal,possible,normal,log_only,,context_suppressed,0.0,normal,none,True,False,context_stabilization|esc_telemetry_recovered:V2,,,,,,0.0,0.0,0.0,0.0,0.97,0.0,fresh,fresh,fresh,fresh,fresh,fresh
17.20000000000011,-2.5941879112249477,0.656113662834804,201.547955557548,7.716304535210529,2.24414250957259,8.609328829703033,possible,normal,possible,normal,log_only,,context_suppressed,0.0,normal,none,True,False,context_stabilization|esc_telemetry_recovered:V2,,,,,,0.0,0.0,0.0,0.0,0.97,0.0,fresh,fresh,fresh,fresh,fresh,fresh
17.25000000000011,-2.5675297128552086,0.6120008346867499,201.56098195881347,8.08098708892195,2.556596131853103,9.191387198052485,possible,normal,possible,normal,log_only,,context_suppressed,0.0,normal,none,True,False,context_stabilization|esc_telemetry_recovered:V2,,,,,,0.0,0.0,0.0,0.0,0.97,0.0,fresh,fresh,fresh,fresh,fresh,fresh
17.30000000000011,-2.5411848969231445,0.5685657772621537,201.57361232261536,8.418636740789443,2.9181299751371554,9.734677607534701,possible,normal,possible,normal,log_only,,context_suppressed,0.0,normal,none,True,False,context_stabilization|esc_telemetry_recovered:V2,,,,,,0.0,0.0,0.0,0.0,0.97,0.0,fresh,fresh,fresh,fresh,fresh,fresh
17.35000000000011,-2.5151573973707473,0.5258461754107542,201.5858382376201,8.725498300422089,3.321419659972136,10.236840219433727,possible,normal,possible,normal,log_only,,context_suppressed,0.0,normal,none,True,False,context_stabilization|esc_telemetry_recovered:V2,,,,,,0.0,0.0,0.0,0.0,0.97,0.0,fresh,fresh,fresh,fresh,fresh,fresh
17.400000000000112,-2.4894370191221635,0.48391845820356194,201.59766886206154,8.998315231367345,3.761147862105597,10.695764753077853,possible,normal,possible,normal,log_only,,context_suppressed,0.0,normal,none,True,False,context_stabilization|esc_telemetry_recovered:V2,,,,,,0.0,0.0,0.0,0.0,0.97,0.0,fresh,fresh,fresh,fresh,fresh,fresh
17.450000000000113,-2.4640321904851636,0.4427902030198078,201.60909095507327,9.233168106653839,4.229117827905115,11.109861101146425,possible,normal,possible,normal,log_only,,context_suppressed,0.0,normal,none,True,False,context_stabilization|esc_telemetry_recovered:V2,,,,,,0.0,0.0,0.0,0.0,0.97,0.0,fresh,fresh,fresh,fresh,fresh,fresh
17.500000000000114,-2.438986446807942,0.4024711779871247,201.6200975111841,9.426404588418514,4.717236383510912,11.477389223184376,possible,normal,possible,normal,log_only,,context_suppressed,0.0,normal,none,True,False,context_stabilization|esc_telemetry_recovered:V2,,,,,,0.0,0.0,0.0,0.0,0.97,0.0,fresh,fresh,fresh,fresh,fresh,fresh
17.550000000000114,-2.414360285321337,0.3630055273193718,201.6307209237512,9.575373283001554,5.223006336717168,11.798564959847964,confirmed,normal,possible,normal,targeted_reallocation,V1,context_suppressed,0.0,normal,none,True,False,context_stabilization|esc_telemetry_recovered:V2,,,,,,0.0,0.0,0.0,0.0,0.97,0.0,fresh,fresh,fresh,fresh,fresh,fresh
17.600000000000115,-2.3901644955315278,0.32434713746500526,201.6411175071788,9.677427134011026,5.770295539546815,12.077847859865948,confirmed,normal,possible,normal,targeted_reallocation,V1,context_suppressed,0.0,normal,none,True,False,context_stabilization|esc_telemetry_recovered:V2,,,,,,0.0,0.0,0.0,0.0,0.0,0.0,fresh,fresh,fresh,fresh,fresh,fresh
17.650000000000116,-2.3663548338559885,0.2864374135790172,201.65144956038418,9.73099062017643,6.3864712754931094,12.320082478772342,confirmed,normal,possible,normal,targeted_reallocation,V1,context_suppressed,0.0,normal,none,True,False,context_stabilization|esc_telemetry_recovered:V2,,,,,,0.0,0.0,0.0,0.0,0.0,0.0,fresh,fresh,fresh,fresh,fresh,fresh
17.700000000000117,-2.3429362566183496,0.2492978981006476,201.66174206825417,9.735573185430754,7.070191302316335,12.525969445406178,confirmed,normal,possible,normal,targeted_reallocation,V1,context_suppressed,0.0,normal,none,True,False,context_stabilization|esc_telemetry_recovered:V2,,,,,,0.0,0.0,0.0,0.0,0.0,0.0,fresh,fresh,fresh,fresh,fresh,fresh
17.750000000000117,-2.3199304440135315,0.21296056763650276,201.67197909600753,9.690843424285895,7.811545898130286,12.694344963680136,confirmed,normal,possible,normal,targeted_reallocation,V1,context_suppressed,0.0,normal,none,True,False,context_stabilization|esc_telemetry_recovered:V2,,,,,,0.0,0.0,0.0,0.0,0.0,0.0,fresh,fresh,fresh,fresh,fresh,fresh
17.800000000000118,-2.2973505197704442,0.17739427772027358,201.6820798226734,9.595540500264576,8.589803992531834,12.822756763655251,confirmed,normal,possible,normal,targeted_reallocation,V1,context_suppressed,0.0,normal,none,True,False,context_stabilization|esc_telemetry_recovered:V2,,,,,,0.0,0.0,0.0,0.0,0.0,0.0,fresh,fresh,fresh,fresh,fresh,fresh
17.85000000000012,-2.2752183020636525,0.14259545806954213,201.69203831566136,9.449432339029752,9.396519502673074,12.910649737827187,confirmed,normal,possible,normal,targeted_reallocation,V1,context_suppressed,0.0,normal,none,True,False,context_stabilization|esc_telemetry_recovered:V2,,,,,,0.0,0.0,0.0,0.0,0.0,0.0,fresh,fresh,fresh,fresh,fresh,fresh
17.90000000000012,-2.253602304482375,0.10857888973935438,201.70189540955812,9.253290731633989,10.22973761814739,12.958237528027652,confirmed,normal,possible,normal,targeted_reallocation,V1,context_suppressed,0.0,normal,none,True,False,context_stabilization|esc_telemetry_recovered:V2,,,,,,0.0,0.0,0.0,0.0,0.0,0.0,fresh,fresh,fresh,fresh,fresh,fresh
17.95000000000012,-2.2325160588430712,0.0753734089955704,201.7116062311863,9.007788914667849,11.072799320286572,12.963888177119303,confirmed,normal,possible,normal,targeted_reallocation,V1,context_suppressed,0.0,normal,none,True,False,context_stabilization|esc_telemetry_recovered:V2,,,,,,0.0,0.0,0.0,0.0,0.0,0.0,fresh,fresh,fresh,fresh,fresh,fresh
18.00000000000012,-2.211928362614103,0.04297291441201423,201.7211914234469,8.714031052931642,11.923271773976817,12.92879732216713,confirmed,normal,possible,normal,targeted_reallocation,V1,context_suppressed,0.0,normal,none,True,False,context_stabilization|esc_telemetry_recovered:V2,,,,,,0.0,0.0,0.0,0.0,0.0,0.0,fresh,fresh,fresh,fresh,fresh,fresh
18.05000000000012,-2.1918380116582887,0.01131933410950215,201.73069879848367,8.373445344881985,12.784163833738187,12.854886762955546,confirmed,normal,possible,normal,targeted_reallocation,V1,context_suppressed,0.0,normal,none,True,False,context_stabilization|esc_telemetry_recovered:V2,,,,,,0.0,0.0,0.0,0.0,0.0,0.0,fresh,fresh,fresh,fresh,fresh,fresh
18.100000000000122,-2.172203648996815,-0.019614397868039514,201.7400799071066,7.987508375132935,13.641877137613166,12.741383146027575,confirmed,normal,possible,normal,targeted_reallocation,V1,context_suppressed,0.0,normal,none,True,False,context_stabilization|esc_telemetry_recovered:V2,,,,,,0.0,0.0,0.0,0.0,0.0,0.0,fresh,fresh,fresh,fresh,fresh,fresh
18.150000000000123,-2.153039623108262,-0.04989547305729623,201.74934281892612,7.5583446288391976,14.491364255099029,12.589593260482358,confirmed,normal,possible,normal,targeted_reallocation,V1,context_suppressed,0.0,normal,none,True,False,context_stabilization|esc_telemetry_recovered:V2,,,,,,0.0,0.0,0.0,0.0,0.0,0.0,fresh,fresh,fresh,fresh,fresh,fresh
18.200000000000124,-2.134414225336031,-0.07952794546514064,201.75849879030557,7.089395219237413,15.324663611100938,12.40036359805283,confirmed,normal,possible,normal,targeted_reallocation,V1,context_suppressed,0.0,normal,none,True,False,context_stabilization|esc_telemetry_recovered:V2,,,,,,0.0,0.0,0.0,0.0,0.0,0.0,fresh,fresh,fresh,fresh,fresh,fresh
18.250000000000124,-2.116298289377825,-0.10844407256411835,201.7675427427779,6.585212395555178,16.13440746218985,12.175271463650896,confirmed,normal,possible,normal,targeted_reallocation,V1,context_suppressed,0.0,normal,none,True,False,context_stabilization|esc_telemetry_recovered:V2,,,,,,0.0,0.0,0.0,0.0,0.0,0.0,fresh,fresh,fresh,fresh,fresh,fresh
18.300000000000125,-2.09865779024532,-0.13663526868725046,201.7765157802542,6.050292098164892,16.923476562577672,11.916776414726254,confirmed,normal,possible,normal,targeted_reallocation,V1,context_suppressed,0.0,normal,none,True,False,context_stabilization|esc_telemetry_recovered:V2,,,,,,0.0,0.0,0.0,0.0,0.0,0.0,fresh,fresh,fresh,fresh,fresh,fresh
18.350000000000126,-2.0815062423689725,-0.16410704198093756,201.7853998252651,5.48885892185698,17.68219831799798,11.625637796429492,confirmed,normal,possible,normal,targeted_reallocation,V1,context_suppressed,0.0,normal,none,True,False,context_stabilization|esc_telemetry_recovered:V2,,,,,,0.0,0.0,0.0,0.0,0.0,0.0,fresh,fresh,fresh,fresh,fresh,fresh
18.400000000000126,-2.0647975328771557,-0.19085920950273966,201.7941957886261,4.9056648259545605,18.407830771221587,11.303740072440409,confirmed,normal,possible,normal,targeted_reallocation,V1,context_suppressed,0.0,normal,none,True,False,context_stabilization|esc_telemetry_recovered:V2,,,,,,0.0,0.0,0.0,0.0,0.0,0.0,fresh,fresh,fresh,fresh,fresh,fresh
18.450000000000127,-2.0484682783946724,-0.2169161497664223,201.8029355881394,4.305726554185645,19.105176909861306,10.953814697939471,confirmed,normal,possible,normal,targeted_reallocation,V1,context_suppressed,0.0,normal,none,True,False,context_stabilization|esc_telemetry_recovered:V2,,,,,,0.0,0.0,0.0,0.0,0.0,0.0,fresh,fresh,fresh,fresh,fresh,fresh
18.500000000000128,-2.0325531265205714,-0.24236059003506738,201.81166559643265,3.6939589115297844,19.776402704828353,10.579047478839712,confirmed,normal,possible,normal,targeted_reallocation,V1,context_suppressed,0.0,normal,none,True,False,context_stabilization|esc_telemetry_recovered:V2,,,,,,0.0,0.0,0.0,0.0,0.0,0.0,fresh,fresh,fresh,fresh,fresh,fresh
18.55000000000013,-2.0171104499285017,-0.2672340358606469,201.82039923965115,3.0757381085582614,20.41619825815946,10.181759542222649,confirmed,normal,possible,normal,targeted_reallocation,V1,context_suppressed,0.0,normal,none,True,False,context_stabilization|esc_telemetry_recovered:V2,,,,,,0.0,0.0,0.0,0.0,0.0,0.0,fresh,fresh,fresh,fresh,fresh,fresh
18.60000000000013,-2.0021090920949147,-0.2914820783316743,201.82910600330035,2.457206092362197,21.016936513092435,9.763655441589309,confirmed,normal,possible,normal,targeted_reallocation,V1,context_suppressed,0.0,normal,none,True,False,context_stabilization|esc_telemetry_recovered:V2,,,,,,0.0,0.0,0.0,0.0,0.0,0.0,fresh,fresh,fresh,fresh,fresh,fresh
18.65000000000013,-1.9875399500871542,-0.3150915926293142,201.837823855946,1.844560476586482,21.582469958822568,9.327960234162152,confirmed,normal,possible,normal,targeted_reallocation,V1,context_suppressed,0.0,normal,none,True,False,context_stabilization|esc_telemetry_recovered:V2,,,,,,0.0,0.0,0.0,0.0,0.0,0.0,fresh,fresh,fresh,fresh,fresh,fresh
18.70000000000013,-1.9734372220406542,-0.3380806465989486,201.84657163271933,1.2435148046637137,22.1107333156465,8.877579812480112,confirmed,normal,possible,normal,targeted_reallocation,V1,context_suppressed,0.0,normal,none,True,False,context_stabilization|esc_telemetry_recovered:V2,,,,,,0.0,0.0,0.0,0.0,0.0,0.0,fresh,fresh,fresh,fresh,fresh,fresh
18.75000000000013,-1.9598381481337797,-0.36051172384232766,201.85534602847048,0.6586921351120021,22.59525355068942,8.414317897565882,confirmed,normal,possible,normal,targeted_reallocation,V1,context_suppressed,0.0,normal,none,True,False,context_stabilization|esc_telemetry_recovered:V2,,,,,,0.0,0.0,0.0,0.0,0.0,0.0,fresh,fresh,fresh,fresh,fresh,fresh
18.800000000000132,-1.9467337078502147,-0.38243406055816426,201.86419942971236,0.09480647492257017,23.04287307878119,7.940293954512011,confirmed,normal,possible,normal,targeted_reallocation,V1,context_suppressed,0.0,normal,none,True,False,context_stabilization|esc_telemetry_recovered:V2,,,,,,0.0,0.0,0.0,0.0,0.0,0.0,fresh,fresh,fresh,fresh,fresh,fresh
18.850000000000133,-1.9340657412379711,-0.40377709821317637,201.87310279471728,-0.44195124647513817,23.45089918922067,7.45840102810775,confirmed,normal,possible,normal,targeted_reallocation,V1,context_suppressed,0.0,normal,none,True,True,context_stabilization|esc_telemetry_recovered:V2,,,,,,0.0,0.0,0.0,0.0,0.0,0.0,fresh,fresh,fresh,fresh,fresh,fresh
18.900000000000134,-1.921834492339189,-0.4245269993202582,201.88202349835254,-0.9462503490766745,23.81177924186544,6.971773262776787,confirmed,normal,possible,normal,targeted_reallocation,V1,context_suppressed,0.0,normal,none,True,True,context_stabilization|esc_telemetry_recovered:V2,,,,,,0.0,0.0,0.0,0.0,0.0,0.0,fresh,fresh,fresh,fresh,fresh,fresh
18.950000000000134,-1.910013784234655,-0.444754634914522,201.8909679608051,-1.4141552659186425,24.126267349069753,6.483485573796891,confirmed,normal,possible,normal,targeted_reallocation,V1,context_suppressed,0.0,normal,none,True,True,context_stabilization|esc_telemetry_recovered:V2,,,,,,0.0,0.0,0.0,0.0,0.0,0.0,fresh,fresh,fresh,fresh,fresh,fresh
19.000000000000135,-1.898551548400494,-0.46446121051921546,201.8999194865457,-1.8414670313966444,24.394067451501755,5.995964019629284,confirmed,normal,possible,normal,targeted_reallocation,V1,context_suppressed,0.0,normal,none,True,True,context_stabilization|esc_telemetry_recovered:V2,,,,,,0.0,0.0,0.0,0.0,0.0,0.0,fresh,fresh,fresh,fresh,fresh,fresh
19.050000000000136,-1.88745872066941,-0.48365794915962584,201.9089074602254,-2.2245678045903845,24.618604053792865,5.511332329125712,confirmed,normal,possible,normal,targeted_reallocation,V1,context_suppressed,0.0,normal,none,True,True,context_stabilization|esc_telemetry_recovered:V2,,,,,,0.0,0.0,0.0,0.0,0.0,0.0,fresh,fresh,fresh,fresh,fresh,fresh
19.100000000000136,-1.8767385179337044,-0.5023651891691506,201.91799289957171,-2.56049331172336,24.809557013047023,5.031496130069936,confirmed,normal,possible,normal,targeted_reallocation,V1,context_suppressed,0.0,normal,none,True,True,context_stabilization|esc_telemetry_recovered:V2,,,,,,0.0,0.0,0.0,0.0,0.0,0.0,fresh,fresh,fresh,fresh,fresh,fresh
19.150000000000137,-1.866366284291173,-0.5205598050897531,201.92708709783471,-2.8457938321731686,24.95339752063324,4.559265847772614,confirmed,normal,possible,normal,targeted_reallocation,V1,context_suppressed,0.0,normal,none,True,True,context_stabilization|esc_telemetry_recovered:V2,,,,,,0.0,0.0,0.0,0.0,0.0,0.0,fresh,fresh,fresh,fresh,fresh,fresh
19.200000000000138,-1.8562963356194804,-0.538294814891236,201.9361763721625,-3.078711067151195,25.05018822847571,4.096982366372131,confirmed,normal,possible,normal,targeted_reallocation,V1,context_suppressed,0.0,normal,none,True,True,context_stabilization|esc_telemetry_recovered:V2,,,,,,0.0,0.0,0.0,0.0,0.0,0.0,fresh,fresh,fresh,fresh,fresh,fresh
19.25000000000014,-1.846548888992016,-0.5555984394272127,201.9453541426002,-3.258345297932431,25.114520778357672,3.6452189393774908,confirmed,normal,possible,normal,targeted_reallocation,V1,context_suppressed,0.0,normal,none,True,True,context_stabilization|esc_telemetry_recovered:V2,,,,,,0.0,0.0,0.0,0.0,0.0,0.0,fresh,fresh,fresh,fresh,fresh,fresh
19.30000000000014,-1.8371449843964174,-0.5724464449156229,201.95451725851723,-3.382247614548844,25.127529761107336,3.207646404188653,confirmed,normal,possible,normal,targeted_reallocation,V1,context_suppressed,0.0,normal,none,True,True,context_stabilization|esc_telemetry_recovered:V2,,,,,,0.0,0.0,0.0,0.0,0.0,0.0,fresh,fresh,fresh,fresh,fresh,fresh
19.35000000000014,-1.828062959503145,-0.5888570514221466,201.96366347991957,-3.449955424931018,25.090511868591395,2.7860824630279333,confirmed,normal,possible,normal,targeted_reallocation,V1,context_suppressed,0.0,normal,none,True,True,context_stabilization|esc_telemetry_recovered:V2,,,,,,0.0,0.0,0.0,0.0,0.0,0.0,fresh,fresh,fresh,fresh,fresh,fresh
19.40000000000014,-1.8192877734968296,-0.6048194724838498,201.9728652433465,-3.461801897666839,25.01804899979587,2.381033075962268,confirmed,normal,possible,normal,targeted_reallocation,V1,context_suppressed,0.0,normal,none,True,True,awaiting_fresh_model_inference,,,,,,0.0,0.0,0.0,0.0,0.0,0.0,fresh,fresh,fresh,fresh,fresh,fresh
19.45000000000014,-1.8107461616082858,-0.6203163445823121,201.98205408162042,-3.417838164067074,24.904939343500473,1.9947337606215423,confirmed,normal,possible,normal,targeted_reallocation,V1,context_suppressed,0.0,normal,none,True,True,awaiting_fresh_model_inference,,,,,,0.0,0.0,0.0,0.0,0.0,0.0,fresh,fresh,fresh,fresh,fresh,fresh
19.500000000000142,-1.8023856687974125,-0.635347284369281,201.99118793001722,-3.3196059688134887,24.748702836678994,1.6276855966779813,confirmed,normal,possible,normal,targeted_reallocation,V1,context_suppressed,0.0,normal,none,True,True,awaiting_fresh_model_inference,,,,,,0.0,0.0,0.0,0.0,0.0,0.0,fresh,fresh,fresh,fresh,fresh,fresh
19.550000000000143,-1.7941940349788135,-0.6499355241961452,202.00027477233905,-3.169299340018383,24.552372482632304,1.2807998206557274,confirmed,normal,possible,normal,targeted_reallocation,V1,context_suppressed,0.0,normal,none,True,True,awaiting_fresh_model_inference,,,,,,0.0,0.0,0.0,0.0,0.0,0.0,fresh,fresh,fresh,fresh,fresh,fresh
19.600000000000144,-1.7862052717795622,-0.6640659070601129,202.00933382765655,-2.968708588551581,24.3180710449396,0.9559129098772536,confirmed,normal,possible,normal,targeted_reallocation,V1,context_suppressed,0.0,normal,none,True,True,awaiting_fresh_model_inference,,,,,,0.0,0.0,0.0,0.0,0.0,0.0,fresh,fresh,fresh,fresh,fresh,fresh
19.650000000000144,-1.7784547743890584,-0.6777463218903843,202.01838548977153,-2.720970753308423,24.047776433817162,0.6535807844945354,confirmed,normal,possible,normal,targeted_reallocation,V1,context_suppressed,0.0,normal,none,True,True,awaiting_fresh_model_inference,,,,,,0.0,0.0,0.0,0.0,0.0,0.0,fresh,fresh,fresh,fresh,fresh,fresh
19.700000000000145,-1.7708935450180832,-0.6909881046246883,202.027364997502,-2.430243609210567,23.734623056259036,0.3729245247244315,confirmed,normal,possible,normal,targeted_reallocation,V1,context_suppressed,0.0,normal,none,True,True,awaiting_fresh_model_inference,,,,,,0.0,0.0,0.0,0.0,0.0,0.0,fresh,fresh,fresh,fresh,fresh,fresh
19.750000000000146,-1.763468374933346,-0.703761314076809,202.03617358845426,-2.1003358784319524,23.366376113480687,0.11361822583081907,confirmed,normal,possible,normal,targeted_reallocation,V1,context_suppressed,0.0,normal,none,True,True,awaiting_fresh_model_inference,,,,,,0.0,0.0,0.0,0.0,0.0,0.0,fresh,fresh,fresh,fresh,fresh,fresh
19.800000000000146,-1.7561711746524271,-0.7161087675109227,202.0448009036939,-1.7359560935996947,22.942441273342112,-0.12366427970914005,confirmed,normal,possible,normal,targeted_reallocation,V1,context_suppressed,0.0,normal,none,True,True,awaiting_fresh_model_inference,,,,,,0.0,0.0,0.0,0.0,0.0,0.0,fresh,fresh,fresh,fresh,fresh,fresh
19.850000000000147,-1.7490349338331173,-0.7280492687568237,202.05330145066864,-1.3424792127954257,22.47110464807876,-0.34001189488464234,confirmed,normal,possible,normal,targeted_reallocation,V1,critical_fault,0.9487134056788896,no_output,vertical,False,False,,,V1,0.9999721767975257,H3,1.871368569836013e-05,0.0,0.0,0.0,0.0,0.0,0.0,fresh,fresh,fresh,fresh,fresh,fresh
19.900000000000148,-1.7420949106194277,-0.7396230980538679,202.06175223559538,-0.9257434960924813,21.964811740172912,-0.536451478884736,confirmed,normal,possible,normal,targeted_reallocation,V1,critical_fault,0.9487134056788896,no_output,vertical,False,False,,,V1,0.9999721767975257,H3,1.871368569836013e-05,0.0,0.0,0.0,0.0,0.0,0.0,fresh,fresh,fresh,fresh,fresh,fresh
19.95000000000015,-1.735412761343818,-0.7508475462368216,202.07033161352595,-0.4910909972129836,21.452936074181167,-0.7131997710610799,confirmed,normal,possible,normal,targeted_reallocation,V1,critical_fault,0.9487134056788896,no_output,vertical,False,False,,,V1,0.9999721767975257,H3,1.871368569836013e-05,0.0,0.0,0.0,0.0,0.0,0.0,fresh,fresh,fresh,fresh,fresh,fresh
20.00000000000015,-1.7289428191661982,-0.7616605525712928,202.07898447676345,-0.042962204585091,20.930615305554564,-0.8705529537885286,confirmed,normal,possible,normal,targeted_reallocation,V1,critical_fault,0.9487134056788896,no_output,vertical,False,False,,,V1,0.9999721767975257,H3,1.871368569836013e-05,0.0,0.0,0.0,0.0,0.0,0.0,fresh,fresh,fresh,fresh,fresh,fresh
20.05000000000015,-1.7209470739234662,-0.7727207622578164,202.08659577814728,0.424181974172489,20.31026560826141,-0.9553301256385184,confirmed,normal,possible,normal,targeted_reallocation,V1,context_suppressed,0.0,normal,none,True,False,context_stabilization|guidance_context_change,,,,,,0.0,0.0,0.0,0.0,0.0,0.0,fresh,fresh,fresh,fresh,fresh,fresh
20.10000000000015,-1.7097822562880116,-0.7846637099849215,202.09223046995655,0.9131224386619963,19.525039351699768,-0.9198286015481133,confirmed,normal,possible,normal,targeted_reallocation,V1,context_suppressed,0.0,normal,none,True,False,context_stabilization|guidance_context_change,,,,,,0.0,0.0,0.0,0.0,0.0,0.0,fresh,fresh,fresh,fresh,fresh,fresh
20.15000000000015,-1.695481444784449,-0.7974670942321546,202.09599098945282,1.413123906895575,18.582805047996274,-0.7736383273352956,confirmed,normal,possible,normal,targeted_reallocation,V1,context_suppressed,0.0,normal,none,True,False,context_stabilization|guidance_context_change,,,,,,0.0,0.0,0.0,0.0,0.0,0.0,fresh,fresh,fresh,fresh,fresh,fresh
20.200000000000152,-1.678187063516668,-0.8111965648530121,202.09806798584205,1.9118590290433863,17.499260475021334,-0.5259384060196528,confirmed,normal,possible,normal,targeted_reallocation,V1,context_suppressed,0.0,normal,none,True,False,context_stabilization|guidance_context_change,,,,,,0.0,0.0,0.0,0.0,0.0,0.0,fresh,fresh,fresh,fresh,fresh,fresh
20.250000000000153,-1.657985036706101,-0.825860373683099,202.09863313490428,2.3974971901967908,16.28811614335713,-0.18586063627663818,confirmed,normal,possible,normal,targeted_reallocation,V1,context_suppressed,0.0,normal,none,True,False,context_stabilization|guidance_context_change,,,,,,0.0,0.0,0.0,0.0,0.0,0.0,fresh,fresh,fresh,fresh,fresh,fresh
20.300000000000153,-1.635016069540733,-0.8415009366215405,202.09786720629813,2.857846948654862,14.961881131511483,0.23761350138660361,confirmed,normal,possible,normal,targeted_reallocation,V1,context_suppressed,0.0,normal,none,True,False,context_stabilization|guidance_context_change,,,,,,0.0,0.0,0.0,0.0,0.0,0.0,fresh,fresh,fresh,fresh,fresh,fresh
20.350000000000154,-1.609444046336719,-0.8581633787150598,202.09592389043695,3.2810441129922485,13.526472259710506,0.735816989284593,confirmed,normal,possible,normal,targeted_reallocation,V1,context_suppressed,0.0,normal,none,True,False,context_stabilization|guidance_context_change,,,,,,0.0,0.0,0.0,0.0,0.0,0.0,fresh,fresh,fresh,fresh,fresh,fresh
20.400000000000155,-1.5813907336865145,-0.8757451208331628,202.09296551388314,3.6578776121557763,11.990348648852812,1.3015141000130495,confirmed,normal,possible,normal,targeted_reallocation,V1,context_suppressed,0.0,normal,none,True,False,context_stabilization|guidance_context_change,,,,,,0.0,0.0,0.0,0.0,0.0,0.0,fresh,fresh,fresh,fresh,fresh,fresh
20.450000000000156,-1.5510788141998642,-0.894106531164135,202.08923552208455,3.9806938400753995,10.373311794325486,1.9296313563187997,confirmed,normal,possible,normal,targeted_reallocation,V1,context_suppressed,0.0,normal,none,True,False,context_stabilization|guidance_context_change,,,,,,0.0,0.0,0.0,0.0,0.0,0.0,fresh,fresh,fresh,fresh,fresh,fresh
20.500000000000156,-1.5188062717237107,-0.9131095334042428,202.08491470768382,4.242403759091564,8.68349151527166,2.6139541942205446,confirmed,normal,possible,normal,targeted_reallocation,V1,context_suppressed,0.0,normal,none,True,False,context_stabilization|guidance_context_change,,,,,,0.0,0.0,0.0,0.0,0.0,0.0,fresh,fresh,fresh,fresh,fresh,fresh
20.550000000000157,-1.4848080856500117,-0.9326635481198638,202.08007866973517,4.435809692989702,6.9135639764776835,3.3478411841416698,confirmed,normal,possible,normal,targeted_reallocation,V1,context_suppressed,0.0,normal,none,True,False,context_stabilization|guidance_context_change,,,,,,0.0,0.0,0.0,0.0,0.0,0.0,fresh,fresh,fresh,fresh,fresh,fresh
20.600000000000158,-1.449340967009951,-0.9526959608627865,202.0748829345812,4.554832592267919,5.073717500622881,4.127258537097605,confirmed,normal,possible,normal,targeted_reallocation,V1,context_suppressed,0.0,normal,none,True,False,context_stabilization|guidance_context_change,,,,,,0.0,0.0,0.0,0.0,0.0,0.0,fresh,fresh,fresh,fresh,fresh,fresh
20.65000000000016,-1.4126881583356523,-0.9731317069480188,202.06950346692517,4.594651154025935,3.180784308831809,4.948227693654595,confirmed,normal,possible,normal,targeted_reallocation,V1,context_suppressed,0.0,normal,none,True,False,context_stabilization|guidance_context_change,,,,,,0.0,0.0,0.0,0.0,0.0,0.0,fresh,fresh,fresh,fresh,fresh,fresh
20.70000000000016,-1.3750814533199704,-0.9939104707164451,202.06404208196832,4.551446664008844,1.242300120494432,5.807039458274975,confirmed,normal,possible,normal,targeted_reallocation,V1,context_suppressed,0.0,normal,none,True,False,context_stabilization|guidance_context_change,,,,,,0.0,0.0,0.0,0.0,0.0,0.0,fresh,fresh,fresh,fresh,fresh,fresh
20.75000000000016,-1.336710864992217,-1.0150215959628548,202.05858612323877,4.421968332418536,-0.7334262487982174,6.700652136770559,confirmed,normal,possible,normal,targeted_reallocation,V1,context_suppressed,0.0,normal,none,True,False,context_stabilization|guidance_context_change,,,,,,0.0,0.0,0.0,0.0,0.0,0.0,fresh,fresh,fresh,fresh,fresh,fresh
20.80000000000016,-1.2977121082282281,-1.0363451302546263,202.05317946045164,4.20557002773539,-2.7452599799913897,7.625070919945528,confirmed,normal,possible,normal,targeted_reallocation,V1,context_suppressed,0.0,normal,none,True,False,context_stabilization|guidance_context_change,,,,,,0.0,0.0,0.0,0.0,0.0,0.0,fresh,fresh,fresh,fresh,fresh,fresh
20.85000000000016,-1.2582606506225569,-1.0577695088951278,202.04786387906697,3.902657792316571,-4.790470408159385,8.577070299106866,confirmed,normal,possible,normal,targeted_reallocation,V1,context_suppressed,0.0,normal,none,True,False,context_stabilization|guidance_context_change,,,,,,0.0,0.0,0.0,0.0,0.0,0.0,fresh,fresh,fresh,fresh,fresh,fresh
20.900000000000162,-1.2185451785146764,-1.0793328760258285,202.04271531209923,3.5130877191920713,-6.854365691171319,9.555529613755976,confirmed,normal,possible,normal,targeted_reallocation,V1,context_suppressed,0.0,normal,none,True,False,context_stabilization|guidance_context_change,,,,,,0.0,0.0,0.0,0.0,0.0,0.0,fresh,fresh,fresh,fresh,fresh,fresh
20.950000000000163,-1.1787973087265589,-1.1010155240781192,202.03777190041217,3.0390135291241114,-8.925862459113716,10.558023788921059,confirmed,normal,possible,normal,targeted_reallocation,V1,context_suppressed,0.0,normal,none,True,False,context_stabilization|guidance_context_change,,,,,,0.0,0.0,0.0,0.0,0.0,0.0,fresh,fresh,fresh,fresh,fresh,fresh
21.000000000000163,-1.139168502980429,-1.1227263399934126,202.03306588204813,2.4848047861114706,-10.995012234074812,11.58136801542678,confirmed,normal,possible,normal,targeted_reallocation,V1,context_suppressed,0.0,normal,none,True,False,context_stabilization|guidance_context_change,,,,,,0.0,0.0,0.0,0.0,0.0,0.0,fresh,fresh,fresh,fresh,fresh,fresh
21.050000000000164,-1.099749501752703,-1.1444391211637592,202.02857738158724,1.8551441658124126,-13.060160419411114,12.62264225906929,confirmed,normal,possible,normal,targeted_reallocation,V1,context_suppressed,0.0,normal,none,True,False,context_stabilization|guidance_context_change,,,,,,0.0,0.0,0.0,0.0,0.0,0.0,fresh,fresh,fresh,fresh,fresh,fresh
21.100000000000165,-1.0606496573463635,-1.1661550798711338,202.0243058926182,1.1555121058809237,-15.113447055134653,13.678657005361842,confirmed,normal,possible,normal,targeted_reallocation,V1,context_suppressed,0.0,normal,none,True,False,context_stabilization|guidance_context_change,,,,,,0.0,0.0,0.0,0.0,0.0,0.0,fresh,fresh,fresh,fresh,fresh,fresh
21.150000000000166,-1.0220375092883467,-1.1878021182089882,202.02019686268687,0.39381817221429555,-17.15263428817734,14.74600345511365,confirmed,normal,possible,normal,targeted_reallocation,V1,context_suppressed,0.0,normal,none,True,False,context_stabilization|guidance_context_change,,,,,,0.0,0.0,0.0,0.0,0.0,0.0,fresh,fresh,fresh,fresh,fresh,fresh
21.200000000000166,-0.984032792613884,-1.2093747481860992,202.01618723699912,-0.42225646917870185,-19.176703818424823,15.821279286969187,confirmed,normal,possible,normal,targeted_reallocation,V1,context_suppressed,0.0,normal,none,True,False,context_stabilization|guidance_context_change,,,,,,0.0,0.0,0.0,0.0,0.0,0.0,fresh,fresh,fresh,fresh,fresh,fresh
21.250000000000167,-0.9466703186237105,-1.2308727829492432,202.01231718976194,-1.2843709334842177,-21.168691705469943,16.901356791667144,confirmed,normal,possible,normal,targeted_reallocation,V1,context_suppressed,0.0,normal,none,True,False,context_stabilization|guidance_context_change,,,,,,0.0,0.0,0.0,0.0,0.0,0.0,fresh,fresh,fresh,fresh,fresh,fresh
21.300000000000168,-0.9100335827990402,-1.252218983212449,202.00849213694593,-2.182137969639131,-23.132630876985047,17.982893641765862,confirmed,normal,possible,normal,targeted_reallocation,V1,context_suppressed,0.0,normal,none,True,False,context_stabilization|guidance_context_change,,,,,,0.0,0.0,0.0,0.0,0.0,0.0,fresh,fresh,fresh,fresh,fresh,fresh
21.35000000000017,-0.8741895660456448,-1.273389384555905,202.00464236443764,-3.1055209930909795,-25.067520496812772,19.062266576952943,confirmed,normal,possible,normal,targeted_reallocation,V1,context_suppressed,0.0,normal,none,True,False,context_stabilization|guidance_context_change,,,,,,0.0,0.0,0.0,0.0,0.0,0.0,fresh,fresh,fresh,fresh,fresh,fresh
21.40000000000017,-0.83916511744884,-1.2943739100836404,202.00079174370057,-4.044301118001136,-26.957574013635945,20.13617237138383,confirmed,normal,possible,normal,targeted_reallocation,V1,context_suppressed,0.0,normal,none,True,False,context_stabilization|guidance_context_change,,,,,,0.0,0.0,0.0,0.0,0.0,0.0,fresh,fresh,fresh,fresh,fresh,fresh
21.45000000000017,-0.80491954937117,-1.3151502046118877,201.9969128516089,-4.987549432255116,-28.80183006304228,21.200369912665273,confirmed,normal,possible,normal,targeted_reallocation,V1,context_suppressed,0.0,normal,none,True,False,context_stabilization|guidance_context_change,,,,,,0.0,0.0,0.0,0.0,0.0,0.0,fresh,fresh,fresh,fresh,fresh,fresh
21.50000000000017,-0.7715129466192929,-1.335775398156189,201.99291757612983,-5.92430788685858,-30.598501737424012,22.249547658006488,confirmed,normal,possible,normal,targeted_reallocation,V1,context_suppressed,0.0,normal,none,True,False,context_stabilization|guidance_context_change,,,,,,0.0,0.0,0.0,0.0,0.0,0.0,fresh,fresh,fresh,fresh,fresh,fresh
21.55000000000017,-0.7389659754702695,-1.3562711399484826,201.98876191170066,-6.843298515417613,-32.342559181310854,23.278418582924296,confirmed,normal,possible,normal,targeted_reallocation,V1,context_suppressed,0.0,normal,none,True,False,context_stabilization|guidance_context_change,,,,,,0.0,0.0,0.0,0.0,0.0,0.0,fresh,fresh,fresh,fresh,fresh,fresh
21.600000000000172,-0.7072229685313469,-1.376537462962267,201.984393034511,-7.733128830218361,-34.04001460053247,24.283343246591556,confirmed,normal,possible,normal,targeted_reallocation,V1,context_suppressed,0.0,normal,none,True,False,context_stabilization|guidance_context_change,,,,,,0.0,0.0,0.0,0.0,0.0,0.0,fresh,fresh,fresh,fresh,fresh,fresh
21.650000000000173,-0.6762993918340041,-1.396578313204798,201.97970298893247,-8.584112277161852,-35.69638257219824,25.261247047950473,confirmed,normal,possible,normal,targeted_reallocation,V1,context_suppressed,0.0,normal,none,True,False,context_stabilization|guidance_context_change,,,,,,0.0,0.0,0.0,0.0,0.0,0.0,fresh,fresh,fresh,fresh,fresh,fresh
21.700000000000173,-0.6461890166050429,-1.4163895272045333,201.974698294059,-9.384992920029333,-37.30203846909053,26.205287513779616,confirmed,normal,possible,normal,targeted_reallocation,V1,context_suppressed,0.0,normal,none,True,False,context_stabilization|guidance_context_change,,,,,,0.0,0.0,0.0,0.0,0.0,0.0,fresh,fresh,fresh,fresh,fresh,fresh
21.750000000000174,-0.6168962679510595,-1.4358970385812222,201.96934737173999,-10.124159322789861,-38.85335842890661,27.10942089823474,confirmed,normal,possible,normal,targeted_reallocation,V1,context_suppressed,0.0,normal,none,True,False,context_stabilization|guidance_context_change,,,,,,0.0,0.0,0.0,0.0,0.0,0.0,fresh,fresh,fresh,fresh,fresh,fresh
21.800000000000175,-0.5884270907302516,-1.4551105592403508,201.96360232754586,-10.791528926788896,-40.347182020685864,27.967696666900945,confirmed,normal,possible,normal,targeted_reallocation,V1,context_suppressed,0.0,normal,none,True,False,context_stabilization|guidance_context_change,,,,,,0.0,0.0,0.0,0.0,0.0,0.0,fresh,fresh,fresh,fresh,fresh,fresh
21.850000000000176,-0.5607088359944505,-1.4740456037780103,201.9575045954815,-11.376734149559859,-41.77774631952996,28.772119234148192,confirmed,normal,possible,normal,targeted_reallocation,V1,context_suppressed,0.0,normal,none,True,False,context_stabilization|guidance_context_change,,,,,,0.0,0.0,0.0,0.0,0.0,0.0,fresh,fresh,fresh,fresh,fresh,fresh
21.900000000000176,-0.5336868247166738,-1.4927222094423487,201.95106177029248,-11.870973776503616,-43.14238144156524,29.516248561533462,confirmed,normal,possible,normal,targeted_reallocation,V1,context_suppressed,0.0,normal,none,True,False,context_stabilization|guidance_context_change,,,,,,0.0,0.0,0.0,0.0,0.0,0.0,fresh,fresh,fresh,fresh,fresh,fresh
21.950000000000177,-0.5073464418634411,-1.5110987145377528,201.944262224882,-12.26572674277251,-44.43831872860723,30.194453380638134,confirmed,normal,possible,normal,targeted_reallocation,V1,context_suppressed,0.0,normal,none,True,False,context_stabilization|guidance_context_change,,,,,,0.0,0.0,0.0,0.0,0.0,0.0,fresh,fresh,fresh,fresh,fresh,fresh
22.000000000000178,-0.4816568645211935,-1.5291533390846739,201.9370913560059,-12.553823088329203,-45.66520773065587,30.801427424737085,confirmed,log_only,possible,normal,targeted_reallocation,V1,context_suppressed,0.0,normal,none,True,False,context_stabilization|guidance_context_change,,,,,,0.0,0.0,0.0,0.0,0.0,0.0,fresh,fresh,fresh,fresh,fresh,fresh
